Global_Rank,score,name,city ,country,
1,100,Massachusetts Institute of Technology (MIT),Cambridge,  United States,
2,99.4,Imperial College London,London,  United Kingdom,
3,98.9,Stanford University,Stanford,  United States,
4,97.9,University of Oxford,Oxford,  United Kingdom,
5,97.7,Harvard University,Cambridge,  United States,
6,97.2,University of Cambridge,Cambridge,  United Kingdom,
7,96.7,ETH Zurich,Zürich,  Switzerland,
8,95.9,National University of Singapore (NUS),Singapore,  Singapore,
9,95.8,UCL,London,  United Kingdom,
10,94.3,California Institute of Technology (Caltech),Pasadena,  United States,
11,94.2,The University of Hong Kong,Hong Kong,  Hong Kong SAR,
12,93.7,"Nanyang Technological University, Singapore (NTU Singapore)",Singapore,  Singapore,
13,93,University of Chicago,Chicago,  United States,
14,92.6,Peking University,Beijing,  China (Mainland),
15,92.5,University of Pennsylvania,Philadelphia,  United States,
16,91.6,Cornell University,Ithaca,  United States,
17,91.2,Tsinghua University,Beijing,  China (Mainland),
17,91.2,"University of California, Berkeley (UCB)",Berkeley,  United States,
19,90.8,The University of Melbourne,Melbourne,  Australia,
20,90.7,The University of New South Wales (UNSW Sydney),Sydney,  Australia,
21,90.4,Yale University,New Haven,  United States,
22,90.2,EPFL – École polytechnique fédérale de Lausanne,Lausanne,  Switzerland,
22,90.2,Technical University of Munich,Munich,  Germany,
24,89.7,Johns Hopkins University,Baltimore,  United States,
25,89.4,Princeton University,Princeton,  United States,
25,89.4,The University of Sydney,Sydney,  Australia,
27,88.9,McGill University,Montreal,  Canada,
28,88.6,Université PSL,Paris,  France,
29,88.5,University of Toronto,Toronto,  Canada,
30,88.4,Fudan University,Shanghai,  China (Mainland),
61,79.6,Korea University,Seoul,  South Korea,
62,79,Duke University,Durham,  United States,
63,78.9,City University of Hong Kong (CityUHK),Kowloon,,  Hong Kong SAR
63,78.9,National Taiwan University (NTU),Taipei,  Taiwan,
65,77.5,The University of Auckland,Auckland,  New Zealand,
66,76.9,"University of California, San Diego (UCSD)",San Diego,  United States,
67,76.5,KFUPM,Dhahran,  Saudi Arabia,
68,76.4,University of Texas at Austin,Austin,  United States,
69,76.2,Brown University,Providence,  United States,
70,75.9,University of Illinois Urbana-Champaign,Champaign,  United States,
70,75.9,Université Paris-Saclay,Paris,  France,
72,75.7,Lund University,Lund,  Sweden,
72,75.7,Sorbonne University,Paris,  France,
74,75.2,The University of Warwick,Coventry,  United Kingdom,
75,73.9,"Trinity College Dublin, The University of Dublin",Dublin,  Ireland,
76,73.8,University of Birmingham,Birmingham,  United Kingdom,
77,73.7,The University of Western Australia,Perth,  Australia,
78,73.6,KTH Royal Institute of Technology,Stockholm,  Sweden,
79,73.4,University of Glasgow,Glasgow,  United Kingdom,
80,73,Universität Heidelberg,Heidelberg,  Germany,
81,72.7,University of Washington,Seattle,  United States,
82,72.6,Adelaide University,Adelaide,  Australia,
82,72.6,Pennsylvania State University,University Park,  United States,
84,72.3,Universidad de Buenos Aires (UBA),Buenos Aires,  Argentina,
85,72.1,Tokyo Institute of Technology (Tokyo Tech),Tokyo,  Japan,
86,72,University of Leeds,Leeds,  United Kingdom,
87,71.2,University of Southampton,Southampton,  United Kingdom,
88,71.1,Boston University,Boston,  United States,
88,71.1,Freie Universitaet Berlin,Berlin,  Germany,
88,71.1,Purdue University,West Lafayette,  United States,
91,71,Osaka University,Osaka City,  Japan,
92,70.9,The University of Sheffield,Sheffield,,  United Kingdom
93,70.3,Uppsala University,Uppsala,  Sweden,
94,70.1,Durham University,Durham,  United Kingdom,
94,70.1,University of Alberta,Edmonton,,  Canada
96,69.9,University of Technology Sydney,Sydney,  Australia,
97,69.4,University of Nottingham,Nottingham,  United Kingdom,
98,69.1,"KIT, Karlsruhe Institute of Technology",Karlsruhe,  Germany,
98,69.1,Politecnico di Milano,Milan,,  Italy
100,68.5,University of Zurich,Zürich,  Switzerland,
101,68.4,University of Copenhagen,Copenhagen,  Denmark,
102,67.9,Pohang University of Science And Technology (POSTECH),Pohang ,  South Korea,
103,67.7,Nanjing University,Nanjing,  China (Mainland),
103,67.7,Utrecht University,Utrecht,  Netherlands,
105,67.6,Lomonosov Moscow State University,Moscow,  Russia,
105,67.6,RWTH Aachen University,Aachen,  Germany,
107,67.5,Technical University of Denmark,Kongens Lyngby,  Denmark,
108,67.3,Universidade de São Paulo,São Paulo,  Brazil,
109,66.7,Tohoku University,Sendai City,  Japan,
110,66.6,Queen Mary University of London,London,  United Kingdom,
110,66.6,University of Wisconsin-Madison,Madison,  United States,
112,66.5,Qatar University,Doha,  Qatar,
113,66.4,University of St Andrews,St. Andrews,  United Kingdom,
114,66.3,Aalto University,Espoo,  Finland,
114,66.3,"University of California, Davis",Davis,  United States,
116,66.1,Pontificia Universidad Católica de Chile (UC),Santiago,  Chile,
116,66.1,University of Helsinki,Helsinki,  Finland,
118,66,University College Dublin,Dublin,  Ireland,
119,65.7,Leiden University,Leiden,  Netherlands,
119,65.7,Rice University,Houston,  United States,
119,65.7,University of Oslo,Oslo,  Norway,
119,65.7,University of Waterloo,Waterloo,  Canada,
123,65.5,Georgia Institute of Technology,Atlanta,  United States,
123,65.5,Indian Institute of Technology Delhi (IITD),New Delhi,  India,
125,65.3,RMIT University,Melbourne,  Australia,
126,65.2,Sungkyunkwan University (SKKU),Seoul,  South Korea,
126,65.2,Universiti Kebangsaan Malaysia (UKM),Bangi,  Malaysia,
128,64.9,Sapienza University of Rome,Rome,  Italy,
129,64.8,Indian Institute of Technology Bombay (IITB),Mumbai,  India,
130,64.5,Humboldt-Universität zu Berlin,Berlin,  Germany,
131,64.3,Aarhus University,false false,,
132,64.2,University of Bath,Bath,  United Kingdom,
132,64.2,University of Science and Technology of China,Hefei,  China (Mainland),
134,64.1,Universiti Putra Malaysia (UPM),Serdang,  Malaysia,
134,64.1,Universiti Sains Malaysia (USM),Gelugor,  Malaysia,
136,64,Universidad Nacional Autónoma de México  (UNAM),Mexico City,  Mexico,
137,63.9,Newcastle University,Newcastle upon Tyne,  United Kingdom,
138,63.3,Alma Mater Studiorum - Università di Bologna,Bologna,  Italy,
138,63.3,"Macquarie University (Sydney, Australia)",Sydney,  Australia,
140,63.2,Eindhoven University of Technology,Eindhoven,  Netherlands,
140,63.2,Erasmus University Rotterdam,Rotterdam,  Netherlands,
140,63.2,University of North Carolina at Chapel Hill,Chapel Hill,  United States,
143,63.1,King Saud University,Riyadh,  Saudi Arabia,
144,63,Texas A&M University,College Station,  United States,
145,62.8,Technische Universität Berlin (TU Berlin),Berlin,  Germany,
146,62.6,University of Southern California,Los Angeles,  United States,
147,62.5,Stockholm University,Stockholm,  Sweden,
147,62.5,University of Groningen,Groningen,  Netherlands,
147,62.5,University of Liverpool,Liverpool,  United Kingdom,
150,62.3,University of Cape Town,Cape Town,  South Africa,
151,62,Western University,London,  Canada,
152,61.9,University of Vienna,Vienna,  Austria,
153,61.6,Universiti Teknologi Malaysia,Skudai,  Malaysia,
153,61.6,Wageningen University & Research,Wageningen,  Netherlands,
155,61.5,University of Exeter,Exeter,  United Kingdom,
155,61.5,University of Geneva,Geneva,  Switzerland,
157,61.4,Lancaster University,Lancaster,,  United Kingdom
158,61.3,University of Basel,Basel,  Switzerland,
159,61.2,Hanyang University,Seoul,  South Korea,
160,61,Universitat de Barcelona,Barcelona,  Spain,
161,60.9,Michigan State University,East Lansing,  United States,
162,60.8,Ghent University,Ghent,  Belgium,
163,60.7,King Abdulaziz University (KAU),Jeddah,  Saudi Arabia,
164,60.3,Nagoya University,Nagoya,  Japan,
165,60.2,Chalmers University of Technology,Gothenburg,  Sweden,
166,59.8,Al-Farabi Kazakh National University,Almaty,  Kazakhstan,
167,59.6,Washington University in St. Louis,St. Louis,  United States,
168,59.5,Université de Montréal,Montreal,  Canada,
169,59.4,University of York,York,  United Kingdom,
170,59.3,Hokkaido University,Sapporo,  Japan,
170,59.3,Kyushu University,Fukuoka City,  Japan,
172,59.2,Universitat Autònoma de Barcelona,Barcelona,  Spain,
173,59.1,Arizona State University,Tempe,  United States,
173,59.1,McMaster University,Hamilton,  Canada,
173,59.1,Universidad de Chile,Santiago,  Chile,
176,59,National Tsing Hua University - NTHU,Hsinchu City,  Taiwan,
177,58.8,Khalifa University,Abu Dhabi,  United Arab Emirates,
177,58.8,Tongji University,Shanghai,  China (Mainland),
179,58.7,"University of California, Santa Barbara (UCSB)",Santa Barbara,  United States,
180,58.4,Indian Institute of Technology Madras (IITM),Chennai,  India,
181,57.8,Cardiff University,Cardiff,  United Kingdom,
182,57.7,Emory University,Atlanta,  United States,
183,57.6,Curtin University,Perth,  Australia,
184,57.5,University of Bern,Bern,  Switzerland,
184,57.5,University of Wollongong,Wollongong,  Australia,
186,57.3,Wuhan University,Wuhan,  China (Mainland),
187,57.1,Complutense University of Madrid,Madrid,  Spain,
187,57.1,Tecnológico de Monterrey,Monterrey,  Mexico,
189,57,Universitas Indonesia,Depok,  Indonesia,
190,56.9,The Ohio State University,Columbus,  United States,
191,56.8,Queen's University at Kingston,Kingston,  Canada,
191,56.8,Université catholique de Louvain (UCLouvain),Louvain-la-Neuve,  Belgium,
193,56.5,Universität Hamburg,Hamburg,  Germany,
194,56.2,University of Reading,Reading,  United Kingdom,
194,56.2,Vrije Universiteit Amsterdam,Amsterdam,  Netherlands,
196,56.1,Waseda University,Tokyo,  Japan,
197,55.8,Technische Universität Wien,Vienna,  Austria,
197,55.8,University of Otago,Dunedin,  New Zealand,
199,55.7,National Yang Ming Chiao Tung University (NYCU),Hsinchu City,  Taiwan,
199,55.7,Queen's University Belfast,Belfast,  United Kingdom,
201,55.6,Albert-Ludwigs-Universitaet Freiburg,Freiburg im Breisgau,  Germany,
202,55.5,University of Gothenburg,Gothenburg,  Sweden,
203,55.2,National Cheng Kung University (NCKU),Tainan City,  Taiwan,
203,55.2,University of Twente,Enschede,  Netherlands,
205,55.1,École Normale Supérieure de Lyon,Lyon,  France,
206,55,Universidad Autónoma de Madrid,Madrid,  Spain,
207,54.9,Deakin University,Melbourne,  Australia,
207,54.9,Rheinische Friedrich-Wilhelms-Universität Bonn,Bonn,  Germany,
207,54.9,"University of Maryland, College Park",College Park,  United States,
210,54.8,University of Minnesota Twin Cities,Minneapolis,  United States,
211,54.7,University of Calgary,Calgary,  Canada,
212,54.6,Universidad de los Andes,Bogotá,  Colombia,
212,54.6,University of Florida,Gainesville,  United States,
212,54.6,University of Lausanne,Lausanne,  Switzerland,
215,54.5,Eberhard Karls Universität Tübingen,Tübingen,  Germany,
215,54.5,Indian Institute of Technology Kharagpur (IIT-KGP),Kharagpur,  India,
215,54.5,Keio University,Tokyo,  Japan,
218,54.3,Technische Universität Dresden,Dresden,  Germany,
219,54.2,Indian Institute of Science,Bangalore,  India,
219,54.2,University of Ottawa,Ottawa,  Canada,
221,53.9,Chulalongkorn University,Bangkok,  Thailand,
222,53.7,Indian Institute of Technology Kanpur (IITK),Kanpur,  India,
223,53.6,Tel Aviv University,Tel Aviv,  Israel,
224,53.5,Gadjah Mada University,Yogyakarta,  Indonesia,
225,53.3,Loughborough University,Loughborough,  United Kingdom,
226,53.2,Queensland University of Technology (QUT),Brisbane,  Australia,
227,53.1,"The University of Newcastle, Australia (UON)",Callaghan,  Australia,
227,53.1,Universite libre de Bruxelles,Brussels,  Belgium,
229,53,United Arab Emirates University,Al Ain,  United Arab Emirates,
230,52.9,Massey University,Palmerston North,  New Zealand,
230,52.9,University of Lisbon,Lisbon,  Portugal,
232,52.2,Friedrich-Alexander-Universität Erlangen-Nürnberg,Erlangen,  Germany,
233,52.1,La Trobe University,Melbourne,  Australia,
233,52.1,Universidade Estadual de Campinas (Unicamp),Campinas,  Brazil,
233,52.1,Università di Padova,Padova,  Italy,
236,51.9,University of Rochester,Rochester,  United States,
237,51.6,American University of Beirut (AUB),Beirut,  Lebanon,
237,51.6,University of Porto,Porto,  Portugal,
239,51.4,Maastricht University,Maastricht,  Netherlands,
240,51.3,The Hebrew University of Jerusalem,Jerusalem,  Israel,
240,51.3,Victoria University of Wellington,Kelburn, Wellington,  New Zealand
242,51.2,Politecnico di Torino,Turin,  Italy,
243,51.1,University of Göttingen,Göttingen,  Germany,
244,50.9,Hamad bin Khalifa University,Doha,  Qatar,
244,50.9,Hong Kong Baptist University,Hong Kong,  Hong Kong SAR,
246,50.7,University College Cork,Cork,  Ireland,
247,50.6,Beijing Normal University,Beijing,  China (Mainland),
247,50.6,Dartmouth College,Hanover,  United States,
247,50.6,University of Massachusetts Amherst,Amherst,  United States,
250,50.4,Vanderbilt University,Nashville,  United States,
251,50.2,Universiti Teknologi PETRONAS (UTP),Seri Iskandar,  Malaysia,
251,50.2,University of Strathclyde,Glasgow,  United Kingdom,
253,50,Taylor's University,Kuala Lumpur,  Malaysia,
253,50,Technical University of Darmstadt,Darmstadt,  Germany,
255,49.9,Institut Teknologi Bandung (ITB),Bandung,  Indonesia,
256,49.8,Harbin Institute of Technology,Harbin,  China (Mainland),
257,49.7,Tianjin University,Tianjin,  China (Mainland),
257,49.7,Université Paris 1 Panthéon-Sorbonne,Paris,  France,
259,49.5,Beijing Institute of Technology,Beijing,  China (Mainland),
259,49.5,Universidad Nacional de Colombia,Bogotá,  Colombia,
261,49.4,University of Canterbury | Te Whare Wānanga o Waitaha,Christchurch,  New Zealand,
262,49.3,University of Aberdeen,Aberdeen,  United Kingdom,
262,49.3,University of Navarra,Pamplona,  Spain,
262,49.3,University of Surrey,Guildford,  United Kingdom,
265,49,Charles University,Prague,  Czechia,
265,49,Universitat Pompeu Fabra (Barcelona),Barcelona,  Spain,
267,48.9,Norwegian University of Science And Technology,Trondheim,  Norway,
268,48.7,Griffith University,Nathan,  Australia,
269,48.5,Middle East Technical University,Ankara,  Türkiye,
269,48.5,UCSI University,Kuala Lumpur,  Malaysia,
271,48.3,University of Warsaw,Warsaw,  Poland,
272,48.2,American University of Sharjah,Sharjah,  United Arab Emirates,
272,48.2,North Carolina State University,Raleigh,  United States,
272,48.2,University of Cologne,Cologne,  Germany,
275,48.1,University of Virginia,Charlottesville,  United States,
276,48,Sun Yat-sen University,Guangzhou,  China (Mainland),
276,48,University of Milan,Milan,  Italy,
278,47.9,University of Sussex,Brighton,  United Kingdom,
279,47.6,Radboud University,Nijmegen,  Netherlands,
280,47.4,University of Antwerp,Antwerp,  Belgium,
281,47.3,University of Pittsburgh,Pittsburgh,  United States,
281,47.3,University of Waikato,Hamilton ,  New Zealand,
283,47.2,Dalhousie University,Nova Scotia,  Canada,
284,47.1,University of Galway,Galway,  Ireland,
285,47,Georgetown University,Washington D.C.,  United States,
285,47,University of Macau,null Macau SAR,,
287,46.8,Universitas Airlangga,Surabaya,  Indonesia,
287,46.8,Heriot-Watt University,Edinburgh,  United Kingdom,
287,46.8,The University of Arizona,Tucson,  United States,
287,46.8,University of Bergen,Bergen,  Norway,
291,46.4,University of Witwatersrand,Johannesburg,  South Africa,
292,46.2,Swansea University,Swansea,  United Kingdom,
293,46.1,"University of California, Irvine",Irvine,  United States,
294,46,Case Western Reserve University,Cleveland,  United States,
294,46,Swinburne University of Technology,Melbourne,  Australia,
294,46,University of Notre Dame,Notre Dame,  United States,
294,46,Vrije Universiteit Brussel (VUB),Brussels,  Belgium,
298,45.8,Istanbul Technical University,Istanbul,  Türkiye,
299,45.6,University of Colorado Boulder,Boulder,  United States,
300,45.5,Université Paris Cité,Paris,  France,
301,45.4,Universidad Carlos III de Madrid (UC3M),Madrid,  Spain,
302,45.2,Stellenbosch University,Stellenbosch,  South Africa,
303,45.1,Jagiellonian University,Krakow,  Poland,
303,45.1,University of Southern Denmark (SDU),Odense,  Denmark,
305,45,Xi’an Jiaotong University,Xi'an,  China (Mainland),
306,44.9,Aalborg University,Aalborg,,  Denmark
306,44.9,Indiana University Bloomington,Bloomington,  United States,
308,44.7,Simon Fraser University,Burnaby,  Canada,
308,44.7,University of Johannesburg,Johannesburg,  South Africa,
310,44.5,"City St George’s, University of London",London,  United Kingdom,
310,44.5,Linköping University,Linköping,  Sweden,
310,44.5,Ulsan National Institute of Science and Technology (UNIST),Ulsan,  South Korea,
310,44.5,Universität Stuttgart,Stuttgart,  Germany,
314,44.3,University of Miami,Miami,  United States,
314,44.3,University of Tasmania,Hobart,  Australia,
316,44,Goethe-University Frankfurt am Main,Frankfurt am Main,  Germany,
317,43.9,L.N. Gumilyov Eurasian National University (ENU),Astana,  Kazakhstan,
317,43.9,Universidade Federal do Rio de Janeiro,Rio de Janeiro,  Brazil,
319,43.8,Huazhong University of Science and Technology,Wuhan,  China (Mainland),
320,43.5,Bauman Moscow State Technical University,Moscow,  Russia,
321,43.4,Université Grenoble Alpes,Grenoble,  France,
322,43.3,University of Tehran,Tehran,  Iran,
323,43.1,Koç University,Istanbul,  Türkiye,
324,43,Sichuan University,Chengdu,  China (Mainland),
324,43,University of Jordan,Amman,  Jordan,
326,42.9,University of Leicester,Leicester,  United Kingdom,
327,42.8,Universidade Nova de Lisboa,Lisbon,  Portugal,
328,42.6,Rutgers University–New Brunswick,New Brunswick,  United States,
328,42.6,University of Delhi,New Delhi,  India,
328,42.6,University of Sharjah,Sharjah,  United Arab Emirates,
331,42.5,Kyung Hee University,Seoul,  South Korea,
331,42.5,Satbayev University,Almaty,  Kazakhstan,
333,42.4,York University,Toronto,  Canada,
334,42.3,Indian Institute of Technology Guwahati (IITG),Guwahati,  India,
334,42.3,Sultan Qaboos University,Muscat,  Oman,
334,42.3,Tufts University,Medford,  United States,
334,42.3,Universidad Politécnica de Madrid (UPM),Madrid,  Spain,
334,42.3,University of Illinois Chicago (UIC),Chicago,  United States,
339,42.2,Indian Institute of Technology Roorkee (IITR),Roorkee,  India,
339,42.2,Shandong University,Jinan,  China (Mainland),
341,42.1,Xiamen University,Xiamen,  China (Mainland),
342,42,University of Oulu,Oulu,  Finland,
343,41.8,Southern University of Science and Technology (SUSTech),Shenzhen,  China (Mainland),
343,41.8,University of Pisa,Pisa,  Italy,
345,41.7,National Taiwan University of Science and Technology (Taiwan Tech),Taipei City,  Taiwan,
345,41.7,Pontificia Universidad Catolica del Peru (PUCP),Lima,  Peru,
347,41.6,Cairo University,Giza,  Egypt,
347,41.6,Tilburg University,Tilburg,  Netherlands,
347,41.6,University of Coimbra,Coimbra,  Portugal,
350,41.5,Technion - Israel Institute of Technology,Haifa,  Israel,
350,41.5,University of Tsukuba,Tsukuba City,  Japan,
350,41.5,Universität Innsbruck,Innsbruck,  Austria,
350,41.5,University of Münster,Munster,  Germany,
354,41.3,Quaid-i-Azam University,Islamabad,  Pakistan,
355,41.2,Nankai University,Tianjin,  China (Mainland),
355,41.2,National Technical University of Athens,Athens,  Greece,
355,41.2,"University of Rome ""Tor Vergata""",Rome,  Italy,
358,41.1,George Washington University,Washington D.C.,  United States,
358,41.1,Mahidol University,Nakhon Pathom,  Thailand,
358,41.1,University of Victoria (UVic),Victoria,  Canada,
358,41.1,Virginia Polytechnic Institute and State University,Blacksburg,  United States,
362,40.9,University of Chinese Academy of Sciences (UCAS),Beijing,  China (Mainland),
362,40.9,University of Pretoria,Pretoria,  South Africa,
362,40.9,University of Tartu,Tartu,  Estonia,
362,40.9,University of the Philippines,Quezon City,  Philippines,
366,40.6,University of Turku,Turku,  Finland,
367,40.5,RUDN University,Moscow,  Russia,
367,40.5,Sciences Po,Paris,  France,
367,40.5,Universiti Brunei Darussalam (UBD),Bandar Seri Begawan,  Brunei,
370,40.4,Daegu Gyeongbuk Institute of Science and Technology (DGIST),Daegu,  South Korea,
371,40.3,Bogaziçi Üniversitesi,Istanbul,  Türkiye,
371,40.3,National University of Sciences & Technology (NUST) Islamabad,Islamabad,  Pakistan,
371,40.3,Pontificia Universidad Javeriana,Bogotá,  Colombia,
374,40,Oxford Brookes University,Oxford,  United Kingdom,
375,39.9,Saint Petersburg State University,Saint Petersburg,  Russia,
375,39.9,Sharif University of Technology,Tehran,  Iran,
377,39.8,South China University of Technology,Guangzhou,  China (Mainland),
378,39.6,University of Saskatchewan,Saskatoon,  Canada,
379,39.5,University of Naples - Federico II,Naples,  Italy,
379,39.5,Université de Liège,Liège,  Belgium,
381,39.4,The American University in Cairo,Cairo,  Egypt,
381,39.4,University of East Anglia (UEA),Norwich,  United Kingdom,
381,39.4,University of Luxembourg,Luxembourg,  Luxembourg,
384,39.3,Northeastern University,Boston,  United States,
385,39.1,Brunel University of London,London,  United Kingdom,
385,39.1,Gwangju Institute of Science and Technology (GIST),Gwangju,  South Korea,
387,39,Flinders University,Adelaide,  Australia,
388,38.5,Beihang University (former BUAA),Beijing,  China (Mainland),
388,38.5,"Birkbeck, University of London",London,  United Kingdom,
390,38.4,National and Kapodistrian University of Athens,Athens,  Greece,
391,38.3,Abu Dhabi University,Abu Dhabi,  United Arab Emirates,
392,38.2,Sejong University,Seoul,  South Korea,
392,38.2,Southeast University,Nanjing,  China (Mainland),
392,38.2,Universitat Politècnica de Catalunya · BarcelonaTech (UPC),Barcelona,  Spain,
395,38.1,Aston University,Birmingham,  United Kingdom,
395,38.1,Ruhr-Universität Bochum,Bochum,  Germany,
397,37.7,Lappeenranta-Lahti University of Technology LUT,Lappeenranta,  Finland,
397,37.7,University of Kent,Canterbury,  United Kingdom,
399,37.6,IPB University (aka Bogor Agricultural University),Bogor,  Indonesia,
400,37.5,Western Sydney University,Milperra,  Australia,
401,37.4,Umea University,Umeå,  Sweden,
401,37.4,University of Granada,Granada,  Spain,
401,37.4,University of Limerick,Limerick,  Ireland,
404,37.2,Sabanci University,Istanbul,  Türkiye,
404,37.2,University of Florence,Florence,  Italy,
406,37.1,Institut National des Sciences Appliquées de Lyon (INSA),Lyon,  France,
407,37,Lincoln University,Lincoln,  New Zealand,
408,36.9,University of Turin,Turin,  Italy,
409,36.8,Università Cattolica del Sacro Cuore,Milan,  Italy,
410,36.7,Auckland University of Technology (AUT),Auckland,  New Zealand,
410,36.7,Dublin City University,Dublin,  Ireland,
410,36.7,Sunway University,Kuala Lumpur,  Malaysia,
410,36.7,University at Buffalo SUNY,Buffalo,  United States,
410,36.7,University of Southern Queensland,Toowoomba,  Australia,
415,36.6,Bilkent University,Ankara,  Türkiye,
416,36.5,Czech Technical University in Prague,Prague,  Czechia,
416,36.5,Julius-Maximilians-Universität Würzburg,Würzburg,  Germany,
416,36.5,Universität Mannheim,Mannheim,  Germany,
419,36.4,University of Aveiro,Aveiro,  Portugal,
420,36.3,National Taipei University of Technology,Taipei City,  Taiwan,
420,36.3,Université de Strasbourg,Strasbourg,  France,
422,36.2,Universitat Politecnica de Valencia,València,  Spain,
423,36.1,Murdoch University,Murdoch,  Australia,
423,36.1,Tampere University,Tampere,  Finland,
423,36.1,Università degli Studi di Pavia,Pavia,  Italy,
423,36.1,Washington State University,Pullman,  United States,
427,36,Graz University of Technology,Graz,  Austria,
428,35.9,Aix-Marseille University,Marseille,  France,
428,35.9,University of Dundee,Dundee,  United Kingdom,
430,35.7,Masaryk University,Brno,  Czechia,
430,35.7,Universitat de Valencia,València,  Spain,
430,35.7,Université de Montpellier,Montpellier,  France,
433,35.6,East China Normal University,Shanghai,  China (Mainland),
433,35.6,Leibniz University Hannover,Hanover,  Germany,
435,35.4,National Taiwan Normal University (NTNU),Taipei City,  Taiwan,
436,35.2,Prince Mohammad Bin Fahd university,Al Khobar,  Saudi Arabia,
436,35.2,Universitat Ramon Llull,Barcelona,  Spain,
438,35.1,IE University,Segovia,  Spain,
439,35,National Sun Yat-sen University,Kaohsiung City,  Taiwan,
440,34.9,Ajman University,Ajman,  United Arab Emirates,
440,34.9,HSE University,Moscow,  Russia,
440,34.9,James Cook University,Townsville,  Australia,
440,34.9,Macau University of Science and Technology,null Macau SAR,,
440,34.9,"University of California, Riverside",Riverside,  United States,
440,34.9,Universität Konstanz,Konstanz,  Germany,
446,34.8,Vilnius University,Vilnius,  Lithuania,
447,34.6,Belarusian State University,Minsk,  Belarus,
448,34.5,University of Bayreuth,Bayreuth,  Germany,
449,34.4,Iowa State University,Ames,  United States,
450,34.3,Kazan (Volga region) Federal University,Kazan,  Russia,
450,34.3,UNESP,Sao Paulo,  Brazil,
452,34.2,Johannes Gutenberg Universität Mainz,Mainz,  Germany,
452,34.2,Shenzhen University,Shenzhen,  China (Mainland),
452,34.2,"Stony Brook University, State University of New York",Stony Brook,  United States,
452,34.2,University of Cyprus (UCY),Nicosia,  Cyprus,
456,34.1,Amirkabir University of Technology,Tehran,  Iran,
456,34.1,"Essex, University of",Colchester,  United Kingdom,
458,34,Colorado State University,Fort Collins,  United States,
458,34,Universidad Nacional de La Plata (UNLP),La Plata,  Argentina,
458,34,"University of California, Santa Cruz",Santa Cruz,  United States,
461,33.9,Jordan University of Science & Technology,Irbid,  Jordan,
461,33.9,Novosibirsk State University,Novosibirsk ,  Russia,
461,33.9,"Royal Holloway, University of London",London,  United Kingdom,
461,33.9,Università Vita-Salute San Raffaele,Milan,  Italy,
465,33.8,Anna University,Chennai,  India,
465,33.8,Concordia University,Montreal,  Canada,
465,33.8,Shanghai University,Shanghai,  China (Mainland),
465,33.8,University of Kansas,Lawrence,  United States,
469,33.7,Ben-Gurion University of The Negev,Be'er Sheva,  Israel,
469,33.7,Tashkent Institute of Irrigation and Agricultural Mechanization Engineers (TIIAME)-National Research University,Tashkent,  Uzbekistan,
469,33.7,Universidad de Sevilla,Seville,  Spain,
469,33.7,Université Laval,Québec,  Canada,
473,33.5,Jilin University,Changchun,  China (Mainland),
473,33.5,Johannes Kepler University Linz,Linz,  Austria,
473,33.5,Pusan National University,Busan,  South Korea,
473,33.5,USI - Università della Svizzera italiana,Lugano,  Switzerland,
477,33.4,Moscow Institute of Physics and Technology (MIPT / Moscow Phystech),Dolgoprudny,  Russia,
477,33.4,Universität Potsdam,Potsdam,  Germany,
479,33.3,Chung-Ang University (CAU),Seoul,  South Korea,
480,33.2,Hiroshima University,Higashihiroshima City,  Japan,
480,33.2,University of Science and Technology Beijing,Beijing,  China (Mainland),
482,33,Dalian University of Technology,Dalian,  China (Mainland),
482,33,Duy Tan University,Da Nang,  Vietnam,
482,33,Kobe University,Kobe City,  Japan,
485,32.9,Aristotle University of Thessaloniki,Thessaloniki,  Greece,
485,32.9,University of Trento,Trento,  Italy,
487,32.8,Edith Cowan University,Joondalup,  Australia,
487,32.8,Technische Universität Bergakademie Freiberg,Freiberg,  Germany,
487,32.8,Warsaw University of Technology,Warsaw,  Poland,
490,32.7,Universidad de Santiago de Chile (USACH),Santiago,  Chile,
491,32.6,Central South University,Changsha,,  China (Mainland)
491,32.6,Imam Abdulrahman Bin Faisal University (IAU),Dammam,  Saudi Arabia,
491,32.6,Universiti Utara Malaysia (UUM),Sintok,  Malaysia,
494,32.5,University of Bordeaux,Talence,  France,
494,32.5,University of Canberra,Bruce,  Australia,
496,32.4,Iran University of Science and Technology,Tehran,  Iran,
496,32.4,Justus-Liebig-University Giessen,Giessen,  Germany,
498,32.3,University of Jyväskylä,Jyväskylä,  Finland,
499,32.2,Central Queensland University (CQUniversity Australia),Norman Gardens,  Australia,
499,32.2,Northwestern Polytechnical University,Xi'an,  China (Mainland),
499,32.2,Tomsk State University,Tomsk,  Russia,
499,32.2,Universidad de Costa Rica,San Jose,  Costa Rica,
503,32.1,Shoolini University of Biotechnology and Management Sciences,Solan,  India,
504,32,China Agricultural University,Beijing,  China (Mainland),
504,32,Chongqing University,Chongqing,  China (Mainland),
504,32,Ewha Womans University,Seoul,  South Korea,
504,32,Hunan University,Changsha,  China (Mainland),
504,32,University of Guelph,Guelph,  Canada,
509,31.9,China Medical University,Taichung,  Taiwan,
509,31.9,INTI International University,Nilai,  Malaysia,
509,31.9,Institut Teknologi Sepuluh Nopember (ITS Surabaya),Surabaya,  Indonesia,
511,31.6,Ateneo de Manila University,Quezon City,  Philippines,
511,31.6,SOAS University of London,London,  United Kingdom,
511,31.6,Singapore Management University,Singapore,  Singapore,
511,31.6,University of Bradford,Bradford,  United Kingdom,
515,31.5,Lebanese University,Beirut,  Lebanon,
515,31.5,Universitas Padjadjaran (UNPAD),Bandung,  Indonesia,
517,31.4,Pontificia Universidad Católica Argentina,Buenos Aires,  Argentina,
517,31.4,University of Stirling,Stirling,  United Kingdom,
519,31.3,Kyungpook National University,Daegu,  South Korea,
519,31.3,Singapore University of Technology and Design,Singapore,  Singapore,
519,31.3,Universidad Austral,Pilar,  Argentina,
519,31.3,University of Electronic Science and Technology of China,Chengdu,  China (Mainland),
519,31.3,Ural Federal University - UrFU,Ekaterinburg,  Russia,
524,31.2,University of Huddersfield,Huddersfield,  United Kingdom,
525,31.1,The University of Georgia,Athens,  United States,
526,30.9,Boston College,Chestnut Hill,  United States,
526,30.9,Chiang Mai University,Chiang Mai,  Thailand,
526,30.9,University of Hull,Hull,  United Kingdom,
526,30.9,University of Salamanca,Salamanca,  Spain,
530,30.8,The Education University of Hong Kong,Hong Kong,  Hong Kong SAR,
530,30.8,University of Genoa,Genoa,  Italy,
530,30.8,University of Iowa,Iowa City,  United States,
530,30.8,Universität Bremen,Bremen,  Germany,
534,30.7,University of Connecticut,Storrs,  United States,
535,30.6,King Khalid University,Abha,  Saudi Arabia,
535,30.6,Lebanese American University,Byblos,  Lebanon,
535,30.6,Prince Sultan University,Riyadh,  Saudi Arabia,
535,30.6,University of Ljubljana,Ljubljana,  Slovenia,
535,30.6,Universität  Leipzig,Leipzig,  Germany,
540,30.5,Jinan University (China),Guangzhou,  China (Mainland),
540,30.5,University of Utah,Salt Lake City,  United States,
542,30.3,"Ain Shams University in Cairo (ASU, Cairo)",Cairo,  Egypt,
542,30.3,Universiti Teknologi MARA - UiTM,Shah Alam,  Malaysia,
542,30.3,University of Milano-Bicocca,Milan,  Italy,
542,30.3,University of the Punjab,Lahore,  Pakistan,
546,30.2,Ulm University,Ulm,  Germany,
546,30.2,University of Hawaiʻi at Mānoa,Honolulu,  United States,
546,30.2,University of Windsor,Windsor,  Canada,
549,30.1,Florida State University,Tallahassee,  United States,
550,30,Northumbria University at Newcastle,Newcastle upon Tyne,  United Kingdom,
551,29.9,Thammasat University,Bangkok,  Thailand,
551,29.9,Universiti Tenaga Nasional (UNITEN),Kajang,  Malaysia,
553,29.8,Hitotsubashi University,Tokyo,  Japan,
553,29.8,University of Delaware,Newark,  United States,
555,29.7,Lahore University of Management Sciences (LUMS),Lahore,  Pakistan,
556,29.6,Indian Institute of Technology Indore,Indore,  India,
556,29.6,University of Houston,Houston,  United States,
558,29.5,Al Ain University,Al Ain,,  United Arab Emirates
558,29.5,Coventry University,Coventry,  United Kingdom,
558,29.5,Jawaharlal Nehru University,New Delhi,  India,
558,29.5,Sogang University,Seoul,  South Korea,
558,29.5,University of Kwazulu-Natal,Pinetown,  South Africa,
563,29.4,Ajou University,Suwon,  South Korea,
563,29.4,American University of the Middle East,Egaila,  Kuwait,
563,29.4,University of Debrecen,Debrecen,  Hungary,
566,29.3,Bangor University,Bangor,  United Kingdom,
566,29.3,Indian Institute of Technology BHU Varanasi (IIT BHU Varanasi),Varanasi,  India,
566,29.3,Renmin (People's) University of China,Beijing,  China (Mainland),
566,29.3,Savitribai Phule Pune University,Pune,  India,
566,29.3,University of Minho,Braga,  Portugal,
571,29.2,Colorado School of Mines,Golden,  United States,
571,29.2,Hacettepe University,Ankara,  Türkiye,
571,29.2,Isfahan University of Technology,Isfahan,  Iran,
571,29.2,Pontifícia Universidade Católica do Rio de Janeiro,Rio de Janeiro,  Brazil,
575,29.1,Brno University of Technology,Brno,  Czechia,
575,29.1,Chandigarh University,Mohali,  India,
575,29.1,Universität Jena,Jena,  Germany,
578,29,Universidad Adolfo Ibáñez,Santiago,  Chile,
578,29,Universiti Teknologi Brunei,Bandar Seri Begawan,  Brunei,
578,29,University of Tabriz,Tabriz,  Iran,
581,28.9,Comillas Pontifical University,Madrid,  Spain,
582,28.8,Florida International University,Miami,  United States,
582,28.8,University of Iceland,Reykjavík,  Iceland,
584,28.7,Charles Darwin University,Casuarina,  Australia,
584,28.7,Eötvös Loránd University,Budapest,  Hungary,
584,28.7,University of Dhaka,Dhaka,  Bangladesh,
587,28.6,American University,Washington D.C.,  United States,
587,28.6,National Central University,Taoyuan City,  Taiwan,
587,28.6,Université Claude Bernard Lyon 1,Villeurbanne,  France,
587,28.6,Université Paul Sabatier Toulouse III,Toulouse,  France,
591,28.5,American University of Ras Al Khaimah,Ras Al Khaima,  United Arab Emirates,
591,28.5,Bond University,Gold Coast,  Australia,
591,28.5,Illinois Institute of Technology,Chicago,  United States,
591,28.5,National Research Nuclear University MEPhI (Moscow Engineering Physics Institute),Moscow,  Russia,
595,28.4,Universidade Federal de Minas Gerais (UFMG),Belo Horizonte,  Brazil,
595,28.4,Zayed University,Abu Dhabi,,  United Arab Emirates
597,28.3,Asia Pacific University of Technology and Innovation (APU) Malaysia,Kuala Lumpur,  Malaysia,
597,28.3,Hasselt University,Diepenbeek,  Belgium,
597,28.3,Management and Science University,Shah Alam,  Malaysia,
597,28.3,Taipei Medical University (TMU),Taipei,  Taiwan,
597,28.3,Tulane University,New Orleans,  United States,
597,28.3,University of Szeged,Szeged,  Hungary,
597,28.3,University of Texas at Dallas,Richardson,  United States,
604,28.2,Canadian University Dubai,Dubai,  United Arab Emirates,
604,28.2,National Chengchi University,Taipei City,  Taiwan,
604,28.2,University of Eastern Finland,Kuopio,  Finland,
607,28,"The University of Tennessee, Knoxville",Knoxville,  United States,
607,28,University of Siena,Siena,  Italy,
609,27.9,Nottingham Trent University,Nottingham,  United Kingdom,
609,27.9,Peter the Great St. Petersburg Polytechnic University,St. Petersburg,  Russia,
609,27.9,Ulster University,Coleraine,  United Kingdom,
609,27.9,Universiti Malaysia Pahang Al-Sultan Abdullah (UMPSA),Kuantan,  Malaysia,
613,27.8,Applied Science University - Bahrain,Al-Ekir,  Bahrain,
613,27.8,City University of New York,New York City,  United States,
613,27.8,International Islamic University Malaysia (IIUM),Kuala Lumpur,  Malaysia,
613,27.8,Universidad de Concepción,Concepción,  Chile,
613,27.8,University of Plymouth,Plymouth,  United Kingdom,
618,27.7,Christian-Albrechts-University zu Kiel,Kiel,  Germany,
618,27.7,Dongguk University,Seoul,  South Korea,
618,27.7,Saint Joseph University of Beirut (USJ),Beirut,  Lebanon,
618,27.7,Zhengzhou University,Zhengzhou,  China (Mainland),
622,27.6,Umm Al-Qura University,Makkah,  Saudi Arabia,
622,27.6,University of New Brunswick,Fredericton,  Canada,
624,27.5,Diponegoro University,Semarang,  Indonesia,
624,27.5,Oregon State University,Corvallis,  United States,
624,27.5,University of the Basque Country,Leioa,  Spain,
624,27.5,Yeshiva University,New York City,  United States,
628,27.4,Abai Kazakh National Pedagogical University (Abai University),Almaty,  Kazakhstan,
628,27.4,Istanbul University,Istanbul,  Türkiye,
628,27.4,Missouri University of Science and Technology,Rolla,  United States,
628,27.4,National Chung Hsing University,Taichung City,  Taiwan,
628,27.4,Universidade de Santiago de Compostela,Santiago de Compostela,  Spain,
628,27.4,University of Crete,Heraklion,  Greece,
628,27.4,University of South Carolina,Columbia,  United States,
635,27.2,Tallinn University of Technology (TalTech),Tallinn,  Estonia,
635,27.2,University of Portsmouth,Portsmouth,  United Kingdom,
635,27.2,Saarland University,Saarbrücken,  Germany,
638,27.1,Lincoln University College,Kuala Lumpur,  Malaysia,
638,27.1,Southern Cross University,Lismore,  Australia,
638,27.1,Universidad de Zaragoza,Zaragoza,  Spain,
638,27.1,"University of Chemistry and Technology, Prague",Prague,  Czechia,
642,27,Université de Fribourg,Fribourg,  Switzerland,
643,26.9,Abo Akademi University,Turku,  Finland,
643,26.9,Free University of Bozen-Bolzano,Bolzano,  Italy,
643,26.9,Inha University,Incheon,  South Korea,
643,26.9,Manchester Metropolitan University,Manchester ,  United Kingdom,
643,26.9,University of Manitoba,Winnipeg,  Canada,
648,26.8,King Faisal University,Hofuf,  Saudi Arabia,
648,26.8,University of Tromsø The Arctic University of Norway,Tromsø,  Norway,
650,26.7,MGIMO University,Moscow,  Russia,
650,26.7,Paris Lodron University of Salzburg,Salzburg ,  Austria,
650,26.7,Universidad de la República (Udelar),Montevideo,  Uruguay,
650,26.7,University of Brescia,Brescia,  Italy,
654,26.6,China University of Mining and Technology,Xuzhou,  China (Mainland),
654,26.6,De La Salle University,Manila,  Philippines,
654,26.6,Konkuk University,Seoul,  South Korea,
654,26.6,"University of Agriculture, Faisalabad",Faisalabad,  Pakistan,
654,26.6,University of South Florida,Tampa,  United States,
654,26.6,Université de Lille,Lille,  France,
660,26.5,Bar-Ilan University,Ramat Gan,  Israel,
660,26.5,Ca' Foscari University of Venice,Venice,  Italy,
660,26.5,"Kingston University, London",Kingston upon Thames,  United Kingdom,
660,26.5,Memorial University of Newfoundland,St. John's,  Canada,
664,26.4,COMSATS University Islamabad,Islamabad,  Pakistan,
664,26.4,Indian Institute of Technology Hyderabad (IITH),Sangareddy,  India,
664,26.4,University of Mumbai,Mumbai,  India,
664,26.4,University of Oklahoma,Norman,  United States,
668,26.3,"Birla Institute of Technology and Science, Pilani",Pilani,  India,
668,26.3,Chang Gung University,Taoyuan City,  Taiwan,
668,26.3,Karl-Franzens-Universitaet Graz,Graz,  Austria,
668,26.3,Lehigh University,Bethlehem,  United States,
668,26.3,Palacký University Olomouc,Olomouc,,  Czechia
673,26.2,East China University of Science and Technology,Shanghai,  China (Mainland),
673,26.2,Stevens Institute of Technology,Hoboken,  United States,
673,26.2,TU Dortmund University,Dortmund,  Germany,
676,26.1,Beirut Arab University,Beirut,  Lebanon,
676,26.1,Jadavpur University,Kolkata,  India,
678,26,American University in Dubai,Dubai,  United Arab Emirates,
678,26,University of Haifa,Haifa,  Israel,
680,25.9,HUFS - Hankuk (Korea) University of Foreign Studies,Seoul,  South Korea,
680,25.9,Nanjing University of Aeronautics and Astronautics,Nanjing,  China (Mainland),
680,25.9,Ritsumeikan University,Kyoto,  Japan,
680,25.9,Universitas Brawijaya,Malang,  Indonesia,
684,25.8,Comenius University Bratislava,Bratislava,  Slovakia,
684,25.8,Ton Duc Thang University,Ho Chi Minh City,  Vietnam,
686,25.7,"China University of Petroleum, Beijing",Beijing,  China (Mainland),
686,25.7,Cyprus University of Technology,Limassol,  Cyprus,
688,25.6,Baku State University,Baku,  Azerbaijan,
688,25.6,National Research Tomsk Polytechnic University,Tomsk,  Russia,
688,25.6,Université Côte d'Azur,Nice,  France,
691,25.4,Eastern Mediterranean University,Famagusta,  Northern Cyprus,
691,25.4,Universidade Federal do Rio Grande Do Sul,Porto Alegre,  Brazil,
691,25.4,Universität Regensburg,Regensburg,  Germany,
691,25.4,"Vellore Institute of Technology (VIT), Vellore, India",Vellore,  India,
695,25.3,Rensselaer Polytechnic Institute,Troy,  United States,
696,25.2,Symbiosis International (Deemed University),Pune,  India,
696,25.2,TUHH Hamburg University of Technology,Hamburg,  Germany,
697,25.1,Ankara Üniversitesi,Ankara,  Türkiye,
697,25.1,Beijing University of Chemical Technology,Beijing,  China (Mainland),
697,25.1,Kazakh National Agrarian Research University (KazNARU),Almaty,  Kazakhstan,
697,25.1,Tokyo Medical and Dental University (TMDU),Tokyo,  Japan,
697,25.1,Universidad de Alcalá (Madrid),Madrid,  Spain,
697,25.1,University of Klagenfurt,Klagenfurt,  Austria,
697,25.1,"University of Missouri, Columbia",Columbia,  United States,
701-710,0,Jeonbuk National University,Jeonju,  South Korea,
701-710,0,Kasetsart University,Bangkok,  Thailand,
701-710,0,"Lingnan University, Hong Kong",Hong Kong,  Hong Kong SAR,
701-710,0,Nanjing University of Science and Technology,Nanjing,  China (Mainland),
701-710,0,Shiraz University,Shiraz,  Iran,
701-710,0,Universidad Panamericana (UP),Mexico City,  Mexico,
701-710,0,University of Central Florida,Orlando,  United States,
701-710,0,University of Zagreb,Zagreb,  Croatia,
711-720,0,Asia University Taiwan,Taichung City,  Taiwan,
711-720,0,Budapest University of Technology and Economics,Budapest,  Hungary,
711-720,0,Drexel University,Philadelphia,  United States,
711-720,0,"Goldsmiths, University of London",London,  United Kingdom,
711-720,0,ISCTE-IUL,Lisbon,  Portugal,
711-720,0,ITMO University,St. Petersburg,  Russia,
711-720,0,Technische Universität Braunschweig,Braunschweig,  Germany,
711-720,0,Toronto Metropolitan University (formerly Ryerson University),Toronto,  Canada,
711-720,0,University of Hohenheim,Stuttgart,  Germany,
711-720,0,University of Nebraska - Lincoln,Lincoln,  United States,
711-720,0,Université de Rennes 1,Rennes,  France,
721-730,0,National University of Uzbekistan named after Mirzo Ulugbek,Tashkent,  Uzbekistan,
721-730,0,Pakistan Institute of Engineering and Applied Sciences (PIEAS),Islamabad,  Pakistan,
721-730,0,Prince Sattam Bin Abdulaziz University,Al-Kharj,  Saudi Arabia,
721-730,0,Taras Shevchenko National University of Kyiv,Kyiv,  Ukraine,
721-730,0,Temple University,Philadelphia,  United States,
721-730,0,The National University of Science and Technology MISIS,Moscow,  Russia,
721-730,0,University of Cincinnati,Cincinnati,  United States,
721-730,0,University of Patras,Patras,  Greece,
721-730,0,UWE Bristol (University of the West of England),Bristol,  United Kingdom,
731-740,0,Auezov South Kazakhstan University (SKU),Shymkent,  Kazakhstan,
731-740,0,Far Eastern Federal University,Vladivostok,  Russia,
731-740,0,"National Institute of Technology, Tiruchirappalli",Tiruchirappalli,  India,
731-740,0,Princess Nourah bint Abdulrahman University,Riyadh,  Saudi Arabia,
731-740,0,SEGi UNIVERSITY,Kuala Lumpur,  Malaysia,
731-740,0,"Sofia University ""St. Kliment Ohridski""",Sofia,  Bulgaria,
731-740,0,Texas Tech University,Lubbock,  United States,
731-740,0,Universidad Central de Venezuela,Caracas,  Venezuela,
731-740,0,Université de Tunis El Manar,Tunis,  Tunisia,
731-740,0,Yildiz Technical University,Istanbul,  Türkiye,
741-750,0,Aberystwyth University,Aberystwyth,  United Kingdom,
741-750,0,"Adam Mickiewicz University, Poznań",Poznań,  Poland,
741-750,0,Brandeis University,Waltham,  United States,
741-750,0,Kaunas University of Technology,Kaunas,  Lithuania,
741-750,0,Plekhanov Russian University of Economics,Moscow,  Russia,
741-750,0,Shahid Beheshti University (SBU),Tehran,  Iran,
741-750,0,Syracuse University,Syracuse,  United States,
741-750,0,The Catholic University of Korea,Gyeonggi,  South Korea,
741-750,0,University of Baghdad,Baghdad,  Iraq,
741-750,0,University of Malta,Msida,  Malta,
741-750,0,University of Messina (UniME),Messina,  Italy,
741-750,0,University of Pecs,Pécs,  Hungary,
741-750,0,Victoria University,Melbourne,  Australia,
741-750,0,Vytautas Magnus University,Kaunas,  Lithuania,
751-760,0,Martin-Luther-Universität Halle-Wittenberg,Halle,  Germany,
751-760,0,University of New Mexico,Albuquerque,  United States,
751-760,0,University of Oregon,Eugene,  United States,
751-760,0,University of Trieste,Trieste,  Italy,
751-760,0,Université de Lorraine,Nancy,  France,
761-770,0,Al-Ahliyya Amman University,Amman,  Jordan,
761-770,0,Babes-Bolyai University,Cluj-Napoca,  Romania,
761-770,0,Bangladesh University of Engineering and Technology,Dhaka,  Bangladesh,
761-770,0,Czech University of Life Sciences in Prague,Prague,  Czechia,
761-770,0,"Government College University, Faisalabad",Faisalabad,  Pakistan,
761-770,0,Jamia Millia Islamia,New Delhi,  India,
761-770,0,Khoja Akhmet Yassawi International Kazakh-Turkish University,Turkestan,  Kazakhstan,
761-770,0,New Jersey Institute of Technology (NJIT),Newark,  United States,
761-770,0,Riga Technical University,Riga,  Latvia,
761-770,0,University of Belgrade,Belgrade,  Serbia,
761-770,0,University of Bucharest,Bucharest,  Romania,
761-770,0,University of Nizwa,Nizwa,  Oman,
761-770,0,"Vietnam National University, Hanoi",Hanoi,  Vietnam,
771-780,0,Holy Spirit University of Kaslik,Jounieh,  Lebanon,
771-780,0,Maynooth University,Maynooth,  Ireland,
771-780,0,Philipps-Universität Marburg,Marburg,  Germany,
771-780,0,Rutgers University–Newark,Newark,  United States,
771-780,0,Thapar Institute of Engineering & Technology,Patiala,  India,
771-780,0,Universidad de Palermo (UP),Buenos Aires,  Argentina,
771-780,0,Universitat Rovira i Virgili,Tarragona,  Spain,
771-780,0,University of Calcutta,Kolkata,  India,
781-790,0,Alexandria University,Alexandria,  Egypt,
781-790,0,Carleton University,Ottawa,  Canada,
781-790,0,Georgia State University,Atlanta,  United States,
781-790,0,Hong Kong Metropolitan University,Hong Kong,  Hong Kong SAR,
781-790,0,Kuwait University,Kuwait City,  Kuwait,
781-790,0,Technological University Dublin,Dublin,  Ireland,
781-790,0,Universidad de Antioquia,Medellin,  Colombia,
781-790,0,Universidad del Rosario,Bogotá,  Colombia,
781-790,0,Universidade Católica Portuguesa,Lisbon,  Portugal,
781-790,0,University of Alicante,Alicante,  Spain,
781-790,0,University of Kentucky,Lexington,  United States,
781-790,0,University of Mons,Mons,  Belgium,
781-790,0,V. N. Karazin Kharkiv National University,Kharkiv,  Ukraine,
781-790,0,Wayne State University,Detroit,  United States,
791-800,0,Applied Science Private University - Jordan,Amman,  Jordan,
791-800,0,Beijing University of Technology,Beijing,  China (Mainland),
791-800,0,Chiba University,Chiba City,  Japan,
791-800,0,Lanzhou University,Lanzhou,  China (Mainland),
791-800,0,Norwegian University of Life Sciences,Ås,  Norway,
791-800,0,Pontificia Universidad Católica de Valparaíso,Valparaíso,  Chile,
791-800,0,Universiti Tunku Abdul Rahman (UTAR),Kampar,  Malaysia,
791-800,0,Wake Forest University,Winston-Salem,  United States,
801-850,0,AGH University of Krakow,Krakow,  Poland,
801-850,0,Ahlia University,Manama,  Bahrain,
801-850,0,Alfaisal University,Riyadh,  Saudi Arabia,
801-850,0,Azerbaijan State University of Economics,Baku,  Azerbaijan,
801-850,0,Bournemouth University,Poole,  United Kingdom,
801-850,0,De Montfort University,Leicester,  United Kingdom,
801-850,0,Donghua University,Shanghai,  China (Mainland),
801-850,0,Gdańsk University of Technology,Gdańsk,  Poland,
801-850,0,German Jordanian University,Amman,  Jordan,
801-850,0,Indian Institute of Technology Gandhinagar (IITGN),Gandhinagar,  India,
801-850,0,Instituto Tecnológico Autónomo de México (ITAM),Mexico City,  Mexico,
801-850,0,Keele University,Keele,  United Kingdom,
801-850,0,Middlesex University,London,  United Kingdom,
801-850,0,"National Technical University of Ukraine ""Igor Sikorsky Kyiv Polytechnic Institute""",Kyiv,  Ukraine,
801-850,0,Northwest Agriculture and Forestry University,Yangling,  China (Mainland),
801-850,0,Ocean University of China,Qingdao,  China (Mainland),
801-850,0,Politecnico di Bari,Bari,  Italy,
801-850,0,Qassim University,Buraydah,  Saudi Arabia,
801-850,0,Soochow University,Suzhou,  China (Mainland),
801-850,0,"The New School, New York City & Paris",New York,  United States,
801-850,0,Tokyo University of Science,Kagurazaka,  Japan,
801-850,0,Universidad San Francisco de Quito USFQ,Quito,  Ecuador,
801-850,0,Universidad de La Habana,Havana,  Cuba,
801-850,0,Universidad de Montevideo (UM),Montevideo,  Uruguay,
801-850,0,Universidade Federal de Santa Catarina,Florianópolis,  Brazil,
801-850,0,Universidade Federal de São Paulo,São Paulo,  Brazil,
801-850,0,Universidade de Brasília,Brasília,  Brazil,
801-850,0,Universita' Politecnica delle Marche,Ancona,  Italy,
801-850,0,Universiti Malaysia Terengganu (UMT),Kuala Terengganu,  Malaysia,
801-850,0,University of Bari,Bari,  Italy,
801-850,0,University of Brighton,Brighton,  United Kingdom,
801-850,0,University of Engineering & Technology (UET) Lahore,Lahore,  Pakistan,
801-850,0,University of Greenwich,London,  United Kingdom,
801-850,0,University of Hyderabad,Hyderabad,  India,
801-850,0,University of Latvia,Riga,  Latvia,
801-850,0,University of Lincoln,Lincoln,  United Kingdom,
801-850,0,"University of Maryland, Baltimore",Baltimore,  United States,
801-850,0,"University of Maryland, Baltimore County",Baltimore,  United States,
801-850,0,University of Modena and Reggio Emilia,Modena,  Italy,
801-850,0,University of Namur,Namur,  Belgium,
801-850,0,University of Palermo,Palermo,  Italy,
801-850,0,University of Salerno,Fisciano,  Italy,
801-850,0,University of Ulsan,Ulsan,  South Korea,
801-850,0,University of Westminster,London,  United Kingdom,
801-850,0,University of Wroclaw,Wroclaw,  Poland,
801-850,0,Università degli Studi di Perugia,Perugia,  Italy,
801-850,0,Universität Duisburg-Essen,Duisburg,  Germany,
801-850,0,Viet Nam National University Ho Chi Minh City (VNU-HCM),Ho Chi Minh City,  Vietnam,
801-850,0,Zurich University of Applied Sciences (ZHAW),Winterthur,  Switzerland,
851-900,0,Addis Ababa University,Addis Ababa,  Ethiopia,
851-900,0,Altai State University,Barnaul,  Russia,
851-900,0,Auburn University,Auburn,  United States,
851-900,0,Australian Catholic University,Melbourne,  Australia,
851-900,0,Azerbaijan State Oil and Industry University,Baku,  Azerbaijan,
851-900,0,Azerbaijan Technical University,Baku,,  Azerbaijan
851-900,0,Beijing Jiaotong University,Beijing,  China (Mainland),
851-900,0,Belarusian National Technical University (BNTU),Minsk,  Belarus,
851-900,0,Bina Nusantara University (BINUS),Jakarta,  Indonesia,
851-900,0,Catania University,Catania,  Italy,
851-900,0,China University of Geosciences,Wuhan,  China (Mainland),
851-900,0,Chungnam National University,Daejeon,  South Korea,
851-900,0,Dhofar University,Salalah,  Oman,
851-900,0,Edinburgh Napier University,Edinburgh,  United Kingdom,
851-900,0,Effat University,Jeddah,  Saudi Arabia,
851-900,0,European University of Lefke,Lefke,  Northern Cyprus,
851-900,0,Imam Mohammad Ibn Saud Islamic University – IMSIU,Riyadh,  Saudi Arabia,
851-900,0,Instituto Politécnico Nacional (IPN),Ciudad de México,  Mexico,
851-900,0,Jiangnan University,Wuxi,  China (Mainland),
851-900,0,Liverpool John Moores University,Liverpool ,  United Kingdom,
851-900,0,Louisiana State University,Baton Rouge,  United States,
851-900,0,"Manipal Academy of Higher Education, Manipal, Karnataka, India",Manipal,  India,
851-900,0,Mendel University in Brno,Brno,  Czechia,
851-900,0,Multimedia University (MMU),Cyberjaya,  Malaysia,
851-900,0,Nantes Université,Nantes,  France,
851-900,0,O.P. Jindal Global University (JGU),Sonepat,  India,
851-900,0,Oklahoma State University,Stillwater,  United States,
851-900,0,Prince of Songkla University,Hat Yai,  Thailand,
851-900,0,Sechenov University,Moscow,  Russia,
851-900,0,Tokyo University of Agriculture and Technology,Tokyo,  Japan,
851-900,0,UNIVERSITY OF GDANSK,Gdańsk,  Poland,
851-900,0,Universidad Anáhuac México,Huixquilucan,  Mexico,
851-900,0,Universidad Nacional de Córdoba - UNC,Córdoba,  Argentina,
851-900,0,Universidade de Vigo,Vigo,  Spain,
851-900,0,Universiti Pendidikan Sultan Idris (UPSI),Tanjong Malim,  Malaysia,
851-900,0,University Duesseldorf,Düsseldorf,  Germany,
851-900,0,"University of Colorado, Denver",Denver,  United States,
851-900,0,University of Dubai,Dubai,  United Arab Emirates,
851-900,0,University of Ghana,Legon,  Ghana,
851-900,0,University of Santo Tomas,Manila,  Philippines,
851-900,0,University of Seoul,Seoul,  South Korea,
851-900,0,University of Stavanger,Stavanger,  Norway,
851-900,0,Università degli Studi della Tuscia (University of Tuscia),Viterbo,  Italy,
851-900,0,Universität Rostock,Rostock,  Germany,
851-900,0,Université de Franche-Comté,Besançon,  France,
851-900,0,Université du Québec,Québec,  Canada,
851-900,0,Verona University,Verona,  Italy,
851-900,0,Vilnius Gediminas Technical University (VILNIUS TECH),Vilnius,  Lithuania,
851-900,0,Worcester Polytechnic Institute,Worcester,  United States,
851-900,0,Wroclaw University of Science and Technology (Wrocław Tech),Wrocław,  Poland,
851-900,0,Yarmouk University,Irbid,  Jordan,
901-950,0,American University of Central Asia,Bishkek,  Kyrgyzstan,
901-950,0,Baku Engineering University,Baku,  Azerbaijan,
901-950,0,Chonnam National University,Gwangju,  South Korea,
901-950,0,"El Colegio de México, A.C.",Mexico City,  Mexico,
901-950,0,Future University in Egypt,New Cairo,  Egypt,
901-950,0,Gazi Üniversitesi,Ankara,  Türkiye,
901-950,0,Gulf University for Science and Technology,Kuwait City,  Kuwait,
901-950,0,Huazhong Agricultural University,Wuhan,  China (Mainland),
901-950,0,Jouf University,Sakaka,  Saudi Arabia,
901-950,0,Kanazawa University,Kanazawa,  Japan,
901-950,0,Kansas State University,Manhattan,  United States,
901-950,0,Karaganda Buketov University,Karaganda,  Kazakhstan,
901-950,0,Khon Kaen University,Khon Kaen,  Thailand,
901-950,0,King Mongkut's University of Technology Thonburi,Bangkok,  Thailand,
901-950,0,London South Bank University,London,  United Kingdom,
901-950,0,Lovely Professional University (LPU),Chaheru,  India,
901-950,0,Macao Polytechnic University,null Macau SAR,,
901-950,0,Michigan Technological University,Houghton,  United States,
901-950,0,Nagasaki University,Nagasaki City,  Japan,
901-950,0,Osaka Metropolitan University,Osaka,  Japan,
901-950,0,Panjab University,Chandigarh,  India,
901-950,0,Princess Sumaya University for Technology,Amman,  Jordan,
901-950,0,Saveetha Institute of Medical And Technical Sciences (SIMATS),Tiruvallur,  India,
901-950,0,Taif University,Ta'if,  Saudi Arabia,
901-950,0,Tallinn University,Tallinn,  Estonia,
901-950,0,Tashkent State Technical University,Tashkent,  Uzbekistan,
901-950,0,The University of Alabama,Tuscaloosa,  United States,
901-950,0,Universidad Católica Andres Bello,Caracas City,  Venezuela,
901-950,0,Universidad Católica del Uruguay (UCU),Montevideo,  Uruguay,
901-950,0,Universidad Europea,Madrid,  Spain,
901-950,0,Universidad Iberoamericana Ciudad de México - IBERO,Mexico City,  Mexico,
901-950,0,Universidad de Oviedo,Oviedo,  Spain,
901-950,0,Universidad de Valladolid,Valladolid,  Spain,
901-950,0,Universidad de los Andes - Chile,Santiago,  Chile,
901-950,0,University at Albany SUNY,Albany,  United States,
901-950,0,University of Alaska Fairbanks,Fairbanks,  United States,
901-950,0,Hertfordshire,Hatfield,  United Kingdom,
901-950,0,University of Maribor,Maribor,  Slovenia,
901-950,0,University of North Texas,Denton,  United States,
901-950,0,University of Peshawar,Peshawar,  Pakistan,
901-950,0,UPES,Dehradun,  India,
901-950,0,University of Salford,Salford,  United Kingdom,
901-950,0,University of South Africa,Pretoria,  South Africa,
901-950,0,Università degli studi Roma Tre,Rome,  Italy,
901-950,0,Université de Sherbrooke,Sherbrooke,  Canada,
901-950,0,Virginia Commonwealth University,Richmond,  United States,
901-950,0,Yeungnam University,Gyeongsan,  South Korea,
951-1000,0,Al Nahrain University,Baghdad,  Iraq,
951-1000,0,Al-Quds University,East Jerusalem,  Palestine,
951-1000,0,Amity University,Noida,  India,
951-1000,0,Athens University of Economics and Business,Athens,  Greece,
951-1000,0,CY Cergy Paris University,Paris,  France,
951-1000,0,Charles Sturt University,Bathurst,  Australia,
951-1000,0,Clarkson University,Potsdam,  United States,
951-1000,0,Clemson University,Clemson,  United States,
951-1000,0,Escuela Superior Politécnica del Litoral (ESPOL),Guayaquil,  Ecuador,
951-1000,0,Ferdowsi University of Mashhad,Mashhad,  Iran,
951-1000,0,George Mason University,Fairfax,  United States,
951-1000,0,Guru Gobind Singh Indraprastha University,New Delhi,  India,
951-1000,0,Immanuel Kant Baltic Federal University,Kaliningrad,  Russia,
951-1000,0,Indian Institute of Technology Bhubaneswar,Bhubaneswar,  India,
951-1000,0,Ivane Javakhishvili Tbilisi State University,Tbilisi,  Georgia,
951-1000,0,Abylkas Saginov Karaganda Technical University,Karaganda,  Kazakhstan,
951-1000,0,Khazar University,Baku,  Azerbaijan,
951-1000,0,Kumamoto University,Kumamoto City,  Japan,
951-1000,0,Kyrgyz-Turkish Manas University,Bishkek,  Kyrgyzstan,
951-1000,0,Nanjing Agricultural University,Nanjing,  China (Mainland),
951-1000,0,Nanjing Normal University,Nanjing,  China (Mainland),
951-1000,0,National Chung Cheng University,Minxiong Township,  Taiwan,
951-1000,0,North South University,Dhaka,  Bangladesh,
951-1000,0,North-West University,Potchefstroom,  South Africa,
951-1000,0,Okayama University,Okayama City,  Japan,
951-1000,0,Robert Gordon University,Aberdeen,  United Kingdom,
951-1000,0,Rochester Institute of Technology (RIT),Rochester,  United States,
951-1000,0,Sohar University,Sohar,  Oman,
951-1000,0,Sophia University,Tokyo,  Japan,
951-1000,0,South Ural State University (National Research University),Chelyabinsk,  Russia,
951-1000,0,Saint Louis University,St. Louis,  United States,
951-1000,0,The University of Lahore,Lahore,  Pakistan,
951-1000,0,Universidad Autónoma Metropolitana (UAM),Mexico City,  Mexico,
951-1000,0,Universidad EAFIT,Medellin,  Colombia,
951-1000,0,Universidad Externado de Colombia,Bogotá,  Colombia,
951-1000,0,Universidad Nacional Mayor de San Marcos,Lima,  Peru,
951-1000,0,Universidad Torcuato Di Tella,Buenos Aires,  Argentina,
951-1000,0,Universidad de Belgrano (UB),Buenos Aires,  Argentina,
951-1000,0,Universidad de Córdoba,Córdoba,  Spain,
951-1000,0,Universidad Espíritu Santo (UEES),Samborondón,  Ecuador,
951-1000,0,Universidad de La Sabana,Bogotá,  Colombia,
951-1000,0,Universita' degli Studi di Ferrara,Ferrara,  Italy,
951-1000,0,Universitas Hasanuddin,Makassar,  Indonesia,
951-1000,0,University of Bahrain,Zallaq,  Bahrain,
951-1000,0,University of Calabria,Rende,  Italy,
951-1000,0,University of Cyberjaya,Cyberjaya,  Malaysia,
951-1000,0,University of Ha'il,Hail,  Saudi Arabia,
951-1000,0,University of Lodz,Lodz,  Poland,
951-1000,0,University of Massachusetts Boston,Boston,  United States,
951-1000,0,University of the Western Cape,Cape Town,  South Africa,
951-1000,0,Wuhan University of Technology,Wuhan,  China (Mainland),
1001-1200,0,Adamson University,Manila,  Philippines,
1001-1200,0,Aga Khan University,Karachi,  Pakistan,
1001-1200,0,Al-Azhar University,Cairo,  Egypt,
1001-1200,0,Alexandru Ioan Cuza University,Iași,  Romania,
1001-1200,0,Aligarh Muslim University,Aligarh,  India,
1001-1200,0,Almaty Technological University,Provo,  Kazakhstan,
1001-1200,0,Amrita Vishwa Vidyapeetham,Amritapuri,  India,
1001-1200,0,An-Najah National University,Nablus,  Palestine,
1001-1200,0,"Arab Academy for Science, Technology and Maritime Transport (AASTMT)",Alexandria,  Egypt,
1001-1200,0,Asfendiyarov Kazakh National Medical University,Almaty,  Kazakhstan,
1001-1200,0,Assiut University,Asyut,  Egypt,
1001-1200,0,Azerbaijan University of Architecture and Construction (AzUAC),Baku,  Azerbaijan,
1001-1200,0,Banaras Hindu University,Varanasi,  India,
1001-1200,0,Baylor University,Waco,  United States,
1001-1200,0,Beijing University of Posts and Telecommunications,Beijing,  China (Mainland),
1001-1200,0,Bielefeld University,Bielefeld,  Germany,
1001-1200,0,Binghamton University SUNY,Binghamton,  United States,
1001-1200,0,Birmingham City University,Birmingham,  United Kingdom,
1001-1200,0,Brigham Young University,Provo,  United States,
1001-1200,0,CEU Universities,Madrid,  Spain,
1001-1200,0,The City College of New York,New York City,  United States,
1001-1200,0,Chung Yuan Christian University,Taoyuan City,  Taiwan,
1001-1200,0,Chungbuk National University,Cheongju,  South Korea,
1001-1200,0,Clark University,Worcester,  United States,
1001-1200,0,William & Mary,Williamsburg,  United States,
1001-1200,0,Cracow University of Technology (Politechnika Krakowska),Krakow,  Poland,
1001-1200,0,D. Serikbayev East Kazakhstan Technical University,Ust-Kamenogorsk,  Kazakhstan,
1001-1200,0,Daffodil International University,Dhaka,  Bangladesh,
1001-1200,0,Dankook University,Seoul,  South Korea,
1001-1200,0,EGE UNIVERSITY,İzmir,  Türkiye,
1001-1200,0,Financial University under the Government of the Russian Federation,Moscow,  Russia,
1001-1200,0,Florida Atlantic University - Boca Raton,Boca Raton,  United States,
1001-1200,0,Fordham University,New York City,  United States,
1001-1200,0,Gebze Technical University (GTU),Gebze,  Türkiye,
1001-1200,0,Georgian Technical University,Tbilisi,  Georgia,
1001-1200,0,German University of Technology in Oman (GUTECH),Muscat,  Oman,
1001-1200,0,Gifu University,Gifu City,  Japan,
1001-1200,0,Glasgow Caledonian University,Glasgow,  United Kingdom,
1001-1200,0,Hallym University,Chuncheon,  South Korea,
1001-1200,0,Harbin Engineering University,Harbin,  China (Mainland),
1001-1200,0,Hohai University,Nanjing,  China (Mainland),
1001-1200,0,Howard University,Washington D.C.,  United States,
1001-1200,0,MATE Hungarian University of Agriculture and Life Sciences,Gödöllő,  Hungary,
1001-1200,0,Indiana University–Purdue University Indianapolis,Indianapolis,  United States,
1001-1200,0,Islamic University of Lebanon,Khalde,  Lebanon,
1001-1200,0,Kalinga Institute of Industrial Technology (KIIT) University,Bhubaneswar,  India,
1001-1200,0,Kangwon National University,South Korea,,
1001-1200,0,Kazakh-British Technical University,Almaty,  Kazakhstan,
1001-1200,0,Kent State University,Kent,  United States,
1001-1200,0,Kookmin University,Seoul,  South Korea,
1001-1200,0,Kyrgyz Russian Slavic University,Bishkek,  Kyrgyzstan,
1001-1200,0,Kyushu Institute of Technology,Kitakyushu,  Japan,
1001-1200,0,Leeds Beckett University,Leeds,  United Kingdom,
1001-1200,0,Lobachevsky University,Nizhny Novgorod,  Russia,
1001-1200,0,Lodz University of Technology,Lodz,  Poland,
1001-1200,0,London Metropolitan University,London,  United Kingdom,
1001-1200,0,Loyola University Chicago,Chicago,  United States,
1001-1200,0,Lviv Polytechnic National University,Lviv,  Ukraine,
1001-1200,0,Makerere University,Kampala,  Uganda,
1001-1200,0,Mansoura University,Mansoura ,  Egypt,
1001-1200,0,Marmara University,Istanbul,  Türkiye,
1001-1200,0,Middle East University Jordan,Amman,  Jordan,
1001-1200,0,Mississippi State University,Starkville,  United States,
1001-1200,0,Mustansiriyah University,Baghdad,  Iraq,
1001-1200,0,Mutah University,Mu'tah,  Jordan,
1001-1200,0,Mykolas Romeris University,Vilnius,  Lithuania,
1001-1200,0,Narxoz University,Almaty,  Kazakhstan,
1001-1200,0,National Research Saratov State University,Saratov,  Russia,
1001-1200,0,"National Technical University  ""Kharkiv Polytechnic Institute""",Kharkiv,  Ukraine,
1001-1200,0,Nicolaus Copernicus University,Toruń,  Poland,
1001-1200,0,Niigata University,Niigata City,  Japan,
1001-1200,0,Northern Arizona University,Flagstaff,  United States,
1001-1200,0,Northern Borders University,Arar,  Saudi Arabia,
1001-1200,0,Northwest University (China),Xi'an,  China (Mainland),
1001-1200,0,Notre Dame University-Louaize NDU,Keserwan,  Lebanon,
1001-1200,0,Ohio University,Athens,  United States,
1001-1200,0,Pavol Jozef Šafárik University in Košice,Košice,  Slovakia,
1001-1200,0,Pontificia Universidad Católica del Ecuador (PUCE),Quito,  Ecuador,
1001-1200,0,Pontifícia Universidade Católica de São Paulo,São Paulo,  Brazil,
1001-1200,0,Poznan University of Life Sciences,Poznań,  Poland,
1001-1200,0,Poznan University of Technology,Poznan,  Poland,
1001-1200,0,Rhodes University,Grahamstown,  South Africa,
1001-1200,0,Riga Stradins University,Riga,  Latvia,
1001-1200,0,Ritsumeikan Asia Pacific University,Beppu City,  Japan,
1001-1200,0,SRM Institute of Science and Technology,Chennai,  India,
1001-1200,0,Saint-Petersburg Mining University,St. Petersburg,  Russia,
1001-1200,0,Samarkand State University,Samarkand,  Uzbekistan,
1001-1200,0,San Diego State University,San Diego ,  United States,
1001-1200,0,Seoul National University of Science and Technology,Seoul,  South Korea,
1001-1200,0,Sheffield Hallam University,Sheffield,  United Kingdom,
1001-1200,0,"Siberian Federal University, SibFU",Krasnoyarsk,  Russia,
1001-1200,0,Silesian University of Technology,Gliwice,  Poland,
1001-1200,0,Slovak University of Technology in Bratislava,Bratislava,  Slovakia,
1001-1200,0,Soonchunhyang University,Asan,  South Korea,
1001-1200,0,Southern Federal University,Rostov-on-Don,  Russia,
1001-1200,0,Southern Methodist University,Dallas,  United States,
1001-1200,0,Southwest University,Chongqing,  China (Mainland),
1001-1200,0,Sumgayit State University,Sumgayit,  Azerbaijan,
1001-1200,0,Sumy State University,Sumy,  Ukraine,
1001-1200,0,Sungshin Women's University,Seoul,  South Korea,
1001-1200,0,Széchenyi István University (University of Győr),Győr,  Hungary,
1001-1200,0,Tashkent State University of Economics,Tashkent,  Uzbekistan,
1001-1200,0,Technical University of Kosice,Košice,  Slovakia,
1001-1200,0,Telkom University,Bandung,  Indonesia,
1001-1200,0,The Hashemite University,Zarqa,  Jordan,
1001-1200,0,The University of Texas at Arlington,Arlington,  United States,
1001-1200,0,Tokyo Metropolitan University,Tokyo,  Japan,
1001-1200,0,Universidad Andrés Bello,Santiago,  Chile,
1001-1200,0,Universidad Argentina de la Empresa (UADE),Buenos Aires,  Argentina,
1001-1200,0,Universidad Austral de Chile,Valdivia,  Chile,
1001-1200,0,Universidad Diego Portales (UDP),Santiago,  Chile,
1001-1200,0,Universidad ICESI,Cali,  Colombia,
1001-1200,0,Universidad Nacional de Rosario (UNR),Rosario,  Argentina,
1001-1200,0,Universidad ORT Uruguay,Montevideo,  Uruguay,
1001-1200,0,Universidad Peruana Cayetano Heredia (UPCH),San Martin,  Peru,
1001-1200,0,Universidad Pontificia Bolivariana,Medellín,  Colombia,
1001-1200,0,Universidad Rey Juan Carlos,Móstoles,  Spain,
1001-1200,0,Universidad Simón Bolívar (USB),Caracas,  Venezuela,
1001-1200,0,Universidad Técnica Federico Santa María (USM),Valparaíso,  Chile,
1001-1200,0,Universidad de Castilla-La Mancha,Ciudad Real,  Spain,
1001-1200,0,Universidad de Guadalajara (UDG),Guadalajara,  Mexico,
1001-1200,0,Universidad de León,León,  Spain,
1001-1200,0,Universidad de Puerto Rico,San Juan,  Puerto Rico,
1001-1200,0,Universidad de San Andrés - UdeSA,Buenos Aires,  Argentina,
1001-1200,0,Universidad de Talca,Talca,  Chile,
1001-1200,0,Universidad de las Américas Puebla (UDLAP),Cholula,  Mexico,
1001-1200,0,Universidad del Valle,Cali,  Colombia,
1001-1200,0,Universidade Federal de São Carlos (UFSCar),São Paulo,  Brazil,
1001-1200,0,Universidade Federal do Paraná - UFPR,Curitiba,  Brazil,
1001-1200,0,Universidade da Coruña,A Coruña,  Spain,
1001-1200,0,"Universita' degli Studi ""G. d'Annunzio"" Chieti Pescara",Chieti,  Italy,
1001-1200,0,Universitas Sebelas Maret,Surakarta,  Indonesia,
1001-1200,0,Universitas Sumatera Utara,Medan City,  Indonesia,
1001-1200,0,Universitat Jaume I,Castelló de la Plana,  Spain,
1001-1200,0,Universitat de Lleida (University of Lleida),Lleida,  Spain,
1001-1200,0,Universiti Malaysia Perlis,Kangar,  Malaysia,
1001-1200,0,Universiti Malaysia Sabah (UMS),Kota Kinabalu,  Malaysia,
1001-1200,0,Universiti Malaysia Sarawak (UNIMAS),Kuching,  Malaysia,
1001-1200,0,Universiti Tun Hussein Onn  Malaysia (UTHM),Batu Pahat,  Malaysia,
1001-1200,0,Universite Paris-Pantheon-Assas,Paris,  France,
1001-1200,0,University of Alabama at Birmingham,Birmingham,  United States,
1001-1200,0,University of Anbar,Ramadi,  Iraq,
1001-1200,0,University of Arkansas Fayetteville,Fayetteville,  United States,
1001-1200,0,University of Balamand,Beirut,  Lebanon,
1001-1200,0,University of Central Lancashire,Preston,  United Kingdom,
1001-1200,0,University of Colombo,Colombo,,  Sri Lanka
1001-1200,0,University of Denver,Denver,  United States,
1001-1200,0,University of Deusto,Bilbao,  Spain,
1001-1200,0,University of East London,London,  United Kingdom,
1001-1200,0,University of Hradec Kralove,Hradec Králové,  Czechia,
1001-1200,0,University of Ibadan,Ibadan,  Nigeria,
1001-1200,0,University of Idaho,Moscow,  United States,
1001-1200,0,University of Ioannina,Ioannina,  Greece,
1001-1200,0,University of Isfahan,Isfahan,  Iran,
1001-1200,0,University of Karachi,Karachi,  Pakistan,
1001-1200,0,University of Lagos,Lagos,  Nigeria,
1001-1200,0,University of Louisville,Louisville,  United States,
1001-1200,0,University of Mississippi,Oxford,  United States,
1001-1200,0,"University of Missouri, Kansas City",Kansas City,  United States,
1001-1200,0,University of Murcia,Murcia,  Spain,
1001-1200,0,University of Nairobi,Nairobi,  Kenya,
1001-1200,0,University of Naples Parthenope,Naples,  Italy,
1001-1200,0,University of Nevada - Reno,Reno,  United States,
1001-1200,0,University of New England Australia,Armidale,  Australia,
1001-1200,0,University of New Hampshire,Durham,  United States,
1001-1200,0,University of North Carolina at Charlotte,Charlotte,  United States,
1001-1200,0,University of Parma,Parma,  Italy,
1001-1200,0,University of Regina,Regina,  Canada,
1001-1200,0,University of Rhode Island,Kingston,  United States,
1001-1200,0,University of South Bohemia in České Budějovice,České Budějovice,  Czechia,
1001-1200,0,University of Tabuk,Tabuk,  Saudi Arabia,
1001-1200,0,University of Texas at San Antonio,San Antonio,  United States,
1001-1200,0,University of Toledo,Toledo,  United States,
1001-1200,0,University of Tulsa,Tulsa,  United States,
1001-1200,0,University of Vermont,Burlington,  United States,
1001-1200,0,University of Warmia and Mazury in Olsztyn,Olsztyn,  Poland,
1001-1200,0,University of Wolverhampton,Telford,  United Kingdom,
1001-1200,0,University of Wyoming,Laramie,  United States,
1001-1200,0,University of Algarve,Faro,  Portugal,
1001-1200,0,University of the Free State,Bloemfontein,  South Africa,
1001-1200,0,University of Zilina,Zilina,  Slovakia,
1001-1200,0,Università degli Studi di Udine,Udine,  Italy,
1001-1200,0,University of Salento,Lecce (LE),  Italy,
1001-1200,0,Université Lumière Lyon 2,Lyon,  France,
1001-1200,0,Université Paris 13 Nord,Villetaneuse,  France,
1001-1200,0,Université Toulouse 1 Capitole,Toulouse,  France,
1001-1200,0,Universit de Bretagne Occidentale,Brest,  France,
1001-1200,0,University of Sfax,Sfax,  Tunisia,
1001-1200,0,Utah State University,Logan,  United States,
1001-1200,0,VSB - Technical University of Ostrava,Ostrava,  Czechia,
1001-1200,0,Van Lang University,Ho Chi Minh City,  Vietnam,
1001-1200,0,Warsaw University of Life Sciences  SGGW (WULS-SGGW),Warsaw,  Poland,
1001-1200,0,West Virginia University,Morgantown,  United States,
1001-1200,0,Xi'an Jiaotong Liverpool University,Suzhou,  China (Mainland),
1001-1200,0,Yerevan State University,Yerevan,  Armenia,
1001-1200,0,Yokohama City University,Yokohama City,  Japan,
1001-1200,0,Yokohama National University,Yokohama City,  Japan,
1001-1200,0,Yuan Ze University,Taoyuan City,  Taiwan,
1001-1200,0,Obuda University,Budapest,  Hungary,
1201-1400,0,ADA University,Baku,  Azerbaijan,
1201-1400,0,"Ahmadu Bello University, Zaria",Zaria,  Nigeria,
1201-1400,0,Al-Zaytoonah University of Jordan,Amman,  Jordan,
1201-1400,0,Al-Balqa Applied University,As-Salt,  Jordan,
1201-1400,0,Amman Arab University,Amman,  Jordan,
1201-1400,0,Ashoka University,Sonipat,  India,
1201-1400,0,Ataturk University,Erzurum,  Türkiye,
1201-1400,0,BRAC University,Dhaka,  Bangladesh,
1201-1400,0,Bahauddin Zakariya University,Multan,  Pakistan,
1201-1400,0,Beijing Foreign Studies University,Beijing,  China (Mainland),
1201-1400,0,Beijing University of Chinese Medicine,Beijing,  China (Mainland),
1201-1400,0,Benemerita Universidad Autonoma de Puebla,Puebla,  Mexico,
1201-1400,0,Beni-Suef University,Beni-Suef,  Egypt,
1201-1400,0,Birzeit university,Birzeit,  Palestine,
1201-1400,0,British University in Egypt,El Shorouk,  Egypt,
1201-1400,0,Brock University,St. Catharines,  Canada,
1201-1400,0,California Polytechnic State University,San Luis Obispo,  United States,
1201-1400,0,Can Tho University,Can Tho,  Vietnam,
1201-1400,0,Canterbury Christ Church University,Canterbury,  United Kingdom,
1201-1400,0,Chang Jung Christian University,Tainan City,  Taiwan,
1201-1400,0,China University of Political Science and Law,Beijing,  China (Mainland),
1201-1400,0,Chitkara University,Rajpura,  India,
1201-1400,0,Cukurova University,Adana,  Türkiye,
1201-1400,0,Damascus University,Damascus,  Syria,
1201-1400,0,Delta University for Science and Technology,Dakahlia,  Egypt,
1201-1400,0,Dokuz Eylul Universitesi,Izmir,  Türkiye,
1201-1400,0,Doshisha University,Kyoto,  Japan,
1201-1400,0,Erciyes University,Kayseri,  Türkiye,
1201-1400,0,Feng Chia University,Taichung City,  Taiwan,
1201-1400,0,Fu Jen Catholic University,New Taipei City,  Taiwan,
1201-1400,0,Galgotias University,Greater Noida,  India,
1201-1400,0,German University in Cairo,Cairo,  Egypt,
1201-1400,0,Gunma University,Maebashi,  Japan,
1201-1400,0,Hanoi University of Science and Technology,Hanoi,  Vietnam,
1201-1400,0,Helwan University,Helwan,  Egypt,
1201-1400,0,"ITESO, Universidad Jesuita de Guadalajara",Tlaquepaque,  Mexico,
1201-1400,0,Industrial University of Ho Chi Minh City (IUH),Ho Chi Minh,  Vietnam,
1201-1400,0,Institut Teknologi Nasional Bandung (ITENAS Bandung),Bandung,  Indonesia,
1201-1400,0,Instituto Tecnológico de Santo Domingo (INTEC),Santo Domingo,  Dominican Republic,
1201-1400,0,International Christian University,Tokyo,  Japan,
1201-1400,0,"International Islamic University, Islamabad (IIU)",Islamabad,  Pakistan,
1201-1400,0,Islamic Azad University,Shiraz,  Iran,
1201-1400,0,Islamic University of Madinah,Madinah,  Saudi Arabia,
1201-1400,0,Islamic University of Technology,Gazipur,  Bangladesh,
1201-1400,0,Istanbul Aydin University,Istanbul,  Türkiye,
1201-1400,0,Ivan Franko National University of Lviv,Lviv,  Ukraine,
1201-1400,0,Izmir Institute of Technology (IZTECH),Izmir,  Türkiye,
1201-1400,0,Jahangirnagar University,Dhaka,  Bangladesh,
1201-1400,0,Jeju National University,Jeju City,  South Korea,
1201-1400,0,Kagoshima University,Kagoshima City,  Japan,
1201-1400,0,Kazakh Ablai Khan University of International Relations and World Languages,Almaty,  Kazakhstan,
1201-1400,0,Kharkiv National University of Radio Electronics,Kharkiv,  Ukraine,
1201-1400,0,King Mongkut's University of Technology North Bangkok,Bangkok,  Thailand,
1201-1400,0,King Mongkut's Institute of Technology Ladkrabang,Bangkok,  Thailand,
1201-1400,0,Kwame Nkrumah University of Science and Technology,Kumasi,  Ghana,
1201-1400,0,Kyoto Institute of Technology,Kyoto,  Japan,
1201-1400,0,Kyrgyz National University named after Jusup Balasagyn,Bishkek,  Kyrgyzstan,
1201-1400,0,I. Razzakov Kyrgyz State Technical University,Bishkek,  Kyrgyzstan,
1201-1400,0,Latvia University of Life Sciences and Technologies,Jelgava,  Latvia,
1201-1400,0,Marquette University,Milwaukee,  United States,
1201-1400,0,Meiji University,Tokyo,  Japan,
1201-1400,0,Miami University,Oxford,  United States,
1201-1400,0,Nagoya Institute of Technology (NIT),Nagoya,  Japan,
1201-1400,0,National Chinyi University of Technology,Taichung City,  Taiwan,
1201-1400,0,National Dong Hwa University,Hualien City,  Taiwan,
1201-1400,0,National Research University Moscow Power Engineering Institute (MPEI),Moscow,  Russia,
1201-1400,0,National Taiwan Ocean University,Keelung City,  Taiwan,
1201-1400,0,National University of Kyiv-Mohyla Academy (NaUKMA),Kyiv,  Ukraine,
1201-1400,0,New Mexico State University,Las Cruces,  United States,
1201-1400,0,Novosibirsk State Technical University,Novosibirsk,  Russia,
1201-1400,0,OSMANIA UNIVERSITY,Hyderabad,  India,
1201-1400,0,Odessa I.I.Mechnikov National University,Odessa,  Ukraine,
1201-1400,0,Ozyegin University,Istanbul,  Türkiye,
1201-1400,0,Palestine Technical University - Kadoorie,Tulkarm,  Palestine,
1201-1400,0,Paul Valéry University Montpellier,Montpellier,  France,
1201-1400,0,Pondicherry University,Puducherry,  India,
1201-1400,0,"Pontifícia Universidade Católica do Rio Grande do Sul, PUCRS",Porto Alegre,  Brazil,
1201-1400,0,Portland State University,Portland,  United States,
1201-1400,0,Pratt Institute,New York City,  United States,
1201-1400,0,Pukyong National University,Busan,  South Korea,
1201-1400,0,"Queen Margaret University , Edinburgh",Musselburgh,  United Kingdom,
1201-1400,0,Riphah International University,Islamabad,  Pakistan,
1201-1400,0,Russian Presidential Academy of National Economy and Public Administration,Moscow,  Russia,
1201-1400,0,Saint Petersburg Electrotechnical University ETU-LETI,St. Petersburg,  Russia,
1201-1400,0,Saken Seifullin Kazakh Agrotechnical University,Nur-Sultan,  Kazakhstan,
1201-1400,0,Samara National Research University (Samara University),Samara,  Russia,
1201-1400,0,Sathyabama Institute of Science and Technology (Deemed to be University),Chennai,  India,
1201-1400,0,Seattle University,Seattle,  United States,
1201-1400,0,Selcuk University,Selcuklu,  Türkiye,
1201-1400,0,Shanghai International Studies University,Shanghai,  China (Mainland),
1201-1400,0,Shanghai University of Finance and Economics,Shanghai,  China (Mainland),
1201-1400,0,Shinshu University,Matsumoto City,  Japan,
1201-1400,0,"Shiv Nadar University, NCR",Dadri,  India,
1201-1400,0,"Siksha ‘O’ Anusandhan (Deemed to be University), SOA",Bhubaneswar,  India,
1201-1400,0,Slovak University of Agriculture in Nitra,Nitra,  Slovakia,
1201-1400,0,Sookmyung Women's University,Seoul,  South Korea,
1201-1400,0,Suranaree University of Technology,Nakhon Ratchasima ,  Thailand,
1201-1400,0,Taibah University,Medina,  Saudi Arabia,
1201-1400,0,Tamkang University,New Taipei City,  Taiwan,
1201-1400,0,Tanta University,Tanta,  Egypt,
1201-1400,0,Tashkent State Transport University,Tashkent,  Uzbekistan,
1201-1400,0,Technical University of Cluj-Napoca,Cluj-Napoca,  Romania,
1201-1400,0,Technical University of Liberec,Liberec,  Czechia,
1201-1400,0,Tecnológico de Costa Rica -TEC,Cartago,  Costa Rica,
1201-1400,0,"The ""Gheorghe Asachi"" Technical University of Iasi",Iași,  Romania,
1201-1400,0,The University of Northampton,Northampton,  United Kingdom,
1201-1400,0,"The University of Notre Dame, Australia",Sydney,  Australia,
1201-1400,0,Tishk International University,Erbil,  Iraq,
1201-1400,0,Tokai University,Hiratsuka City,  Japan,
1201-1400,0,Tokushima University,Tokushima City,  Japan,
1201-1400,0,Tomas Bata University in Zlin,Zlin,  Czechia,
1201-1400,0,Transilvania University of Brasov,Brasov,  Romania,
1201-1400,0,Tunghai University,Taichung City,  Taiwan,
1201-1400,0,UCAM Universidad Católica San Antonio de Murcia,Murcia,  Spain,
1201-1400,0,Universidad Autonoma Chapingo,Texcoco,  Mexico,
1201-1400,0,Universidad Autónoma de Guadalajara (UAG),Guadalajara,  Mexico,
1201-1400,0,Universidad Autónoma de Nuevo León,San Nicolás de los Garza,  Mexico,
1201-1400,0,Universidad Autónoma del Estado de Hidalgo (UAEH),Pachuca,  Mexico,
1201-1400,0,Universidad Autónoma del Estado de México (UAEMex),Toluca de Lerdo,  Mexico,
1201-1400,0,Universidad Católica del Norte,Antofagasta,  Chile,
1201-1400,0,"Universidad Central ""Marta Abreu"" de Las Villas",Santa Clara,  Cuba,
1201-1400,0,Universidad Científica del Sur,Lima,  Peru,
1201-1400,0,Universidad Industrial de Santander - UIS,Bucaramanga,  Colombia,
1201-1400,0,Universidad Nacional de Cuyo,Mendoza,  Argentina,
1201-1400,0,Universidad Nacional de Ingeniería,Lima,  Peru,
1201-1400,0,Universidad Nacional de San Luis,San Luis ,  Argentina,
1201-1400,0,Universidad Nacional de la Asunción,San Lorenzo,  Paraguay,
1201-1400,0,Universidad Nacional del Centro de la Provincia de Buenos Aires (UNICEN),Tandil,  Argentina,
1201-1400,0,Universidad Nacional del Litoral,Santa Fe,  Argentina,
1201-1400,0,Universidad Nacional Costa Rica,Heredia,  Costa Rica,
1201-1400,0,Universidad Peruana de Ciencias Aplicadas (UPC),Monterrico,  Peru,
1201-1400,0,Universidad Tecnológica Nacional (UTN),Buenos Aires,  Argentina,
1201-1400,0,Universidad Tecnológica de Panamá (UTP),Panama City,  Panama,
1201-1400,0,Universidad de La Frontera (UFRO),Temuco,  Chile,
1201-1400,0,Universidad de Las Américas Ecuador,Quito,  Ecuador,
1201-1400,0,Universidad de Lima,Lima,  Peru,
1201-1400,0,Universidad de Los Andes - (ULA) Mérida,Merida,  Venezuela,
1201-1400,0,Universidad de Monterrey (UDEM),San Pedro Garza García,  Mexico,
1201-1400,0,Universidad de Valparaíso (UV),Valparaíso,  Chile,
1201-1400,0,Universidad del Desarrollo (UDD),Santiago,  Chile,
1201-1400,0,Universidad del Norte,Barranquilla,  Colombia,
1201-1400,0,Universidad del Valle de Guatemala (UVG),Guatemala City,  Guatemala,
1201-1400,0,Universidade Federal Fluminense,Rio de Janeiro,  Brazil,
1201-1400,0,Universidade Federal da Bahia,Salvador,  Brazil,
1201-1400,0,Universidade Federal de Pernambuco (UFPE),Recife,  Brazil,
1201-1400,0,Universidade Federal de Santa Maria,Santa Maria,  Brazil,
1201-1400,0,Universidade Federal de Viçosa (UFV),Viçosa,  Brazil,
1201-1400,0,Universidade Federal do Ceará (UFC),Fortaleza,  Brazil,
1201-1400,0,Universidade Presbiteriana Mackenzie,São Paulo,  Brazil,
1201-1400,0,Universidade do Estado do Rio de Janeiro (UERJ),Rio de Janeiro,  Brazil,
1201-1400,0,Università degli Studi di Urbino Carlo Bo - Carlo Bo University of Urbino,Urbino,  Italy,
1201-1400,0,Universitas Muhammadiyah Yogyakarta,Yogyakarta,  Indonesia,
1201-1400,0,Universitas Pendidikan Indonesia,Bandung ,  Indonesia,
1201-1400,0,Universitas Trisakti (USAKTI),Jakarta Barat,,  Indonesia
1201-1400,0,Universitatea de Vest din Timisoara /  West University of Timisoara,Timișoara,  Romania,
1201-1400,0,Universiti Kuala Lumpur (UniKL),KUALA LUMPUR,  Malaysia,
1201-1400,0,Universiti Malaysia Kelantan,Kota Bharu,  Malaysia,
1201-1400,0,UNIVERSITI TEKNIKAL MALAYSIA MELAKA,Alor Gajah,  Malaysia,
1201-1400,0,University POLITEHNICA of Bucharest,Bucharest,  Romania,
1201-1400,0,University of Babylon,Hillah,  Iraq,
1201-1400,0,University of Basrah,Basrah,  Iraq,
1201-1400,0,University of Derby,Derby,  United Kingdom,
1201-1400,0,University of International Business and Economics,Beijing,  China (Mainland),
1201-1400,0,University of Kaiserslautern-Landau(RPTU),Kaiserslautern,  Germany,
1201-1400,0,University of Kerbala,Karbala,  Iraq,
1201-1400,0,University of Khartoum,Khartoum,  Sudan,
1201-1400,0,University of Kufa,Kufa,  Iraq,
1201-1400,0,University of Management and Technology,Lahore,  Pakistan,
1201-1400,0,University of Memphis,Memphis,  United States,
1201-1400,0,University of Miskolc,Miskolc,  Hungary,
1201-1400,0,University of Mosul,Mosul,  Iraq,
1201-1400,0,University of North Carolina at Greensboro,Greensboro,  United States,
1201-1400,0,University of Novi Sad,Novi Sad,  Serbia,
1201-1400,0,University of Ostrava,Ostrava,  Czechia,
1201-1400,0,University of Pannonia,Veszprém,  Hungary,
1201-1400,0,University of Pardubice,Pardubice,  Czechia,
1201-1400,0,University of Peradeniya,Peradeniya,  Sri Lanka,
1201-1400,0,University of Petra,Amman,  Jordan,
1201-1400,0,University of Primorska,Koper,  Slovenia,
1201-1400,0,University of Rajshahi,Rajshahi,  Bangladesh,
1201-1400,0,University of Rijeka,Rijeka,  Croatia,
1201-1400,0,University of San Diego,San Diego,  United States,
1201-1400,0,University of San Francisco,San Francisco,  United States,
1201-1400,0,University of Sarajevo,Sarajevo,  Bosnia & Herzegovina,
1201-1400,0,University of Silesia in Katowice,Katowice,  Poland,
1201-1400,0,University of South Alabama (USA),Mobile,  United States,
1201-1400,0,University of Split,Split,  Croatia,
1201-1400,0,University of Texas El Paso,El Paso,  United States,
1201-1400,0,University of Tyumen,Tyumen,  Russia,
1201-1400,0,University of Wisconsin Milwaukee,Milwaukee,  United States,
1201-1400,0,Universität Siegen,Siegen,  Germany,
1201-1400,0,Ibn Tofail University,Kenitra,  Morocco,
1201-1400,0,Université Jean Moulin Lyon 3,Lyon,  France,
1201-1400,0,Université Mohammed V de Rabat,Rabat,  Morocco,
1201-1400,0,Université Paris-Nanterre,Paris,  France,
1201-1400,0,Université de Caen Normandie,Caen,  France,
1201-1400,0,Université de Limoges,Limoges,  France,
1201-1400,0,Université de Poitiers,Poitiers,  France,
1201-1400,0,Université de Sousse,Sousse,  Tunisia,
1201-1400,0,Université Toulouse - Jean Jaurès,Toulouse,  France,
1201-1400,0,Université de Tunis,Tunis,  Tunisia,
1201-1400,0,Western Michigan University,Kalamazoo,  United States,
1201-1400,0,Yessenov University,Aktau,  Kazakhstan,
1201-1400,0,Universitas Negeri Yogyakarta,Yogyakarta,  Indonesia,
1201-1400,0,Zagazig University,Zagazig,  Egypt,
1201-1400,0,Zarqa University (ZU),Zarqa,  Jordan,
1401+,0,Akdeniz Üniversitesi,Antalya,  Türkiye,
1401+,0,American International University-Bangladesh (AIUB),Dhaka,  Bangladesh,
1401+,0,Anadolu University,Eskisehir,  Türkiye,
1401+,0,Aoyama Gakuin University,Tokyo,  Japan,
1401+,0,Aswan University,Aswan,  Egypt,
1401+,0,Atma Jaya Catholic University of Indonesia,Jakarta,  Indonesia,
1401+,0,Belarusian State University of Informatics and Radioelectronics,Minsk,  Belarus,
1401+,0,Benha University - Egypt,Benha,  Egypt,
1401+,0,"CHRIST (Deemed to be University), Bengaluru",Bangalore,  India,
1401+,0,Central Michigan University,Mount Pleasant,  United States,
1401+,0,Chaoyang University of Technology,Taichung City,  Taiwan,
1401+,0,Chittagong University of Engineering and Technology,Chittagong,  Bangladesh,
1401+,0,Cleveland State University,Cleveland ,  United States,
1401+,0,East West University,Dhaka,  Bangladesh,
1401+,0,Escuela Politécnica Nacional,Quito,  Ecuador,
1401+,0,Harper Adams University,Newport,  United Kingdom,
1401+,0,Hongik University,Seoul,  South Korea,
1401+,0,Hue University,Huế,  Vietnam,
1401+,0,"Independent University, Bangladesh",Dhaka,  Bangladesh,
1401+,0,"Indian Institute of Information Technology, Allahabad",Prayagraj,  India,
1401+,0,Istanbul Bilgi Üniversitesi,Istanbul,  Türkiye,
1401+,0,Jadara University,Irbid,  Jordan,
1401+,0,Jamia Hamdard,New Delhi,  India,
1401+,0,Kazan National Research Technological University,Kazan,  Russia,
1401+,0,Khulna University,Khulna,  Bangladesh,
1401+,0,Khulna University of Engineering and Technology,Khulna,  Bangladesh,
1401+,0,Kindai University (Kinki University),Osaka City,  Japan,
1401+,0,Mahasarakham University,Maha Sarakham,  Thailand,
1401+,0,Manav Rachna International Institute of Research and Studies (MRIIRS),Faridabad,  India,
1401+,0,Mapúa University,Manila,  Philippines,
1401+,0,Mendeleev University of Chemical Technology,Moscow,  Russia,
1401+,0,Naresuan University,Phitsanulok,  Thailand,
1401+,0,National Taipei University,Taipei,  Taiwan,
1401+,0,Nile University,Giza,  Egypt,
1401+,0,Manash Kozybayev North Kazakhstan university,Petropavlovsk,  Kazakhstan,
1401+,0,Universitas Negeri Padang,Padang,  Indonesia,
1401+,0,Perm State National Research University,Perm,  Russia,
1401+,0,Pontificia Universidad Católica Madre y Maestra (PUCMM),Santiago,  Dominican Republic,
1401+,0,Rajshahi University of Engineering and Technology,Rajshahi,  Bangladesh,
1401+,0,Rikkyo University,Tokyo,  Japan,
1401+,0,Sakarya University,Adapazari,  Türkiye,
1401+,0,San Francisco State University,San Francisco,  United States,
1401+,0,"Shakarim University of the City of Semey, Kazakhstan",Semey,  Kazakhstan,
1401+,0,Shanghai Normal University,Shanghai,  China (Mainland),
1401+,0,Silpakorn University,Bangkok,  Thailand,
1401+,0,SOKA University,Hachioji City,  Japan,
1401+,0,Soongsil University,Seoul,  South Korea,
1401+,0,State University of Malang (Universitas Negeri Malang),Malang,  Indonesia,
1401+,0,Stefan cel Mare University of Suceava,Suceava,  Romania,
1401+,0,Suez Canal University,Ismailia ,  Egypt,
1401+,0,Universitas Syiah Kuala,Banda Aceh,  Indonesia,
1401+,0,Tashkent University of Information Technologies named after Muhammad Al-Khwarizmi,Tashkent,  Uzbekistan,
1401+,0,Lublin University of Technology,Lublin,  Poland,
1401+,0,The Herzen State Pedagogical University of Russia,null Russia,,
1401+,0,"The Islamia University of Bahawalpur,Pakistan",Bahawalpur,  Pakistan,
1401+,0,"The National Research University ""Belgorod State University""",Belgorod,  Russia,
1401+,0,Tongmyong University,Busan,  South Korea,
1401+,0,Toraighyrov University,Pavlodar,  Kazakhstan,
1401+,0,Universidad Autónoma de Baja California,Baja California,  Mexico,
1401+,0,Universidad Autónoma de Chile,Providencia,  Chile,
1401+,0,Universidad Católica de Temuco,Temuco,  Chile,
1401+,0,"Universidad La Salle, México",Mexico City,  Mexico,
1401+,0,"ULACIT - Universidad Latinoamericana de Ciencia y Tecnología, Costa Rica",San José,  Costa Rica,
1401+,0,Universidad Metropolitana,Caracas,  Venezuela,
1401+,0,Universidad Nacional Agraria la Molina,Lima,  Peru,
1401+,0,Universidad Nacional de San Martín (UNSAM),Buenos Aires,  Argentina,
1401+,0,Universidad Nacional del Sur,Bahia Blanca,  Argentina,
1401+,0,Universidad Tecnológica Centroamericana (UNITEC),Tegucigalpa,  Honduras,
1401+,0,Universidad de Cuenca,Cuenca,  Ecuador,
1401+,0,Universidad de Guanajuato,Guanajuato,  Mexico,
1401+,0,Universidad de Panamá - UP,Panama City,  Panama,
1401+,0,Universidad de Piura,Piura,  Peru,
1401+,0,Universidad de Tarapaca,Arica,  Chile,
1401+,0,Universidad del Bío-Bío,Concepción,  Chile,
1401+,0,Universidad del Zulia,Maracaibo,  Venezuela,
1401+,0,Universidade Federal de Uberlândia,Uberlândia,  Brazil,
1401+,0,Universidade Federal do Rio Grande do Norte (UFRN),Rio Grande do Norte,  Brazil,
1401+,0,Universitas Andalas,Padang,  Indonesia,
1401+,0,Universitas Islam Indonesia,Yogyakarta,  Indonesia,
1401+,0,Petra Christian University,Surabaya,  Indonesia,
1401+,0,Universiti Sultan Zainal Abidin,Kuala Terengganu,  Malaysia,
1401+,0,University of Da Nang,Da Nang,  Vietnam,
1401+,0,University of Hawaii at Hilo,Hilo,  United States,
1401+,0,University of Missouri Saint Louis,St. Louis,  United States,
1401+,0,University of Moratuwa,Moratuwa,  Sri Lanka,
1401+,0,University of Oradea,Oradea,  Romania,
1401+,0,University of Sri Jayawardenapura,Nugegoda,  Sri Lanka,
1401+,0,University of Tripoli,Tripoli,  Libya,
1401+,0,University of West Bohemia,Plzen,  Czechia,
1401+,0,University of the Pacific,Stockton,  United States,
1401+,0,Università degli studi di Bergamo,Bergamo,  Italy,
1401+,0,Voronezh State University,Voronezh ,  Russia,
1401+,0,Walailak University,Thasala,  Thailand,
1401+,0,Yamaguchi University,Yamaguchi City,  Japan,
1401+,0,Youngsan University,Yangsan,  South Korea,
